,Date,HomeTeam,AwayTeam,FTHG,FTAG,FTR,HTGS,ATGS,HTGC,ATGC,HTP,ATP,HM1,AM1,HM2,AM2,HM3,AM3,HM4,AM4,HM5,AM5,MW
5177,2024-08-15,Athletic Club,Getafe,1,1,D,0,0,0,0,0,0,M,M,M,M,M,M,M,M,M,M,1
5178,2024-08-15,Real Betis,Girona,1,1,D,0,0,0,0,0,0,M,M,M,M,M,M,M,M,M,M,1
5179,2024-08-16,Celta Vigo,Alaves,2,1,H,0,0,0,0,0,0,M,M,M,M,M,M,M,M,M,M,1
5180,2024-08-16,Las Palmas,Sevilla,2,2,D,0,0,0,0,0,0,M,M,M,M,M,M,M,M,M,M,1
5181,2024-08-17,Osasuna,Leganes,1,1,D,0,0,0,0,0,0,M,M,M,M,M,M,M,M,M,M,1
5182,2024-08-17,Valencia,Barcelona,1,2,A,0,0,0,0,0,0,M,M,M,M,M,M,M,M,M,M,1
5183,2024-08-18,Real Sociedad,Rayo Vallecano,1,2,A,0,0,0,0,0,0,M,M,M,M,M,M,M,M,M,M,1
5184,2024-08-18,Mallorca,Real Madrid,1,1,D,0,0,0,0,0,0,M,M,M,M,M,M,M,M,M,M,1
5185,2024-08-19,Valladolid,Espanyol,1,0,H,0,0,0,0,0,0,M,M,M,M,M,M,M,M,M,M,1
5186,2024-08-19,Villarreal,Atletico Madrid,2,2,D,0,0,0,0,0,0,M,M,M,M,M,M,M,M,M,M,1
5187,2024-08-23,Celta Vigo,Valencia,3,1,H,2,1,1,2,3,0,W,L,M,M,M,M,M,M,M,M,2
5188,2024-08-23,Sevilla,Villarreal,1,2,A,2,2,2,2,1,1,D,D,M,M,M,M,M,M,M,M,2
5189,2024-08-24,Osasuna,Mallorca,1,0,H,1,1,1,1,1,1,D,D,M,M,M,M,M,M,M,M,2
5190,2024-08-24,Barcelona,Athletic Club,2,1,H,2,1,1,1,3,1,W,D,M,M,M,M,M,M,M,M,2
5191,2024-08-24,Espanyol,Real Sociedad,0,1,A,0,1,1,2,0,0,L,L,M,M,M,M,M,M,M,M,2
5192,2024-08-24,Getafe,Rayo Vallecano,0,0,D,1,2,1,1,1,3,D,W,M,M,M,M,M,M,M,M,2
5193,2024-08-25,Real Madrid,Valladolid,3,0,H,1,1,1,0,1,3,D,W,M,M,M,M,M,M,M,M,2
5194,2024-08-25,Leganes,Las Palmas,2,1,H,1,2,1,2,1,1,D,D,M,M,M,M,M,M,M,M,2
5195,2024-08-25,Alaves,Real Betis,0,0,D,1,1,2,1,0,1,L,D,M,M,M,M,M,M,M,M,2
5196,2024-08-25,Atletico Madrid,Girona,3,0,H,2,1,2,1,1,1,D,D,M,M,M,M,M,M,M,M,2
5197,2024-08-26,Villarreal,Celta Vigo,4,3,H,4,5,3,2,4,6,W,W,D,W,M,M,M,M,M,M,3
5198,2024-08-27,Mallorca,Sevilla,0,0,D,1,3,2,4,1,1,L,L,D,D,M,M,M,M,M,M,3
5199,2024-08-27,Rayo Vallecano,Barcelona,1,2,A,2,4,1,2,4,6,D,W,W,W,M,M,M,M,M,M,3
5200,2024-08-28,Athletic Club,Valencia,1,0,H,2,2,3,5,1,0,L,L,D,L,M,M,M,M,M,M,3
5201,2024-08-28,Valladolid,Leganes,0,0,D,1,3,3,2,3,4,L,W,W,D,M,M,M,M,M,M,3
5202,2024-08-28,Atletico Madrid,Espanyol,0,0,D,5,0,2,2,4,0,W,L,D,L,M,M,M,M,M,M,3
5203,2024-08-28,Real Sociedad,Alaves,1,2,A,2,1,2,2,3,1,W,D,L,L,M,M,M,M,M,M,3
5204,2024-08-29,Girona,Osasuna,4,0,H,1,2,4,1,1,4,L,W,D,D,M,M,M,M,M,M,3
5205,2024-08-29,Las Palmas,Real Madrid,1,1,D,3,4,4,1,1,4,L,W,D,D,M,M,M,M,M,M,3
5206,2024-08-31,Barcelona,Valladolid,7,0,H,4,1,2,3,6,3,W,L,W,W,M,M,M,M,M,M,3
5207,2024-08-31,Athletic Club,Atletico Madrid,0,1,A,3,5,3,2,4,5,W,D,L,W,D,D,M,M,M,M,4
5208,2024-08-31,Espanyol,Rayo Vallecano,2,1,H,0,3,2,3,1,4,D,L,L,D,L,W,M,M,M,M,4
5209,2024-08-31,Valencia,Villarreal,1,1,D,2,8,6,6,0,7,L,W,L,W,L,D,M,M,M,M,4
5210,2024-08-31,Leganes,Mallorca,0,1,A,3,1,2,2,5,2,D,D,W,L,D,D,M,M,M,M,4
5211,2024-09-01,Alaves,Las Palmas,2,0,H,3,4,3,5,4,2,W,D,D,L,L,D,M,M,M,M,4
5212,2024-09-01,Osasuna,Celta Vigo,3,2,H,2,8,5,6,4,6,L,L,W,W,D,W,M,M,M,M,4
5213,2024-09-01,Sevilla,Girona,0,2,A,3,5,4,4,2,4,D,W,L,L,D,D,M,M,M,M,4
5214,2024-09-01,Getafe,Real Sociedad,0,0,D,1,3,1,4,3,3,D,L,D,W,D,L,M,M,M,M,4
5215,2024-09-01,Real Madrid,Real Betis,2,0,H,5,1,2,3,5,2,D,L,W,D,D,D,M,M,M,M,4
5216,2024-09-13,Real Betis,Leganes,2,0,H,1,3,3,2,2,5,L,D,D,W,D,D,M,M,M,M,4
5217,2024-09-14,Mallorca,Villarreal,1,2,A,2,9,2,7,5,8,W,D,D,W,L,W,D,D,M,M,5
5218,2024-09-14,Espanyol,Alaves,3,2,H,2,5,3,3,4,7,W,W,D,W,L,D,L,L,M,M,5
5219,2024-09-14,Sevilla,Getafe,1,0,H,3,1,6,2,2,3,L,L,D,D,L,D,D,D,M,M,5
5220,2024-09-14,Real Sociedad,Real Madrid,0,2,A,3,7,4,2,4,8,D,W,L,D,W,W,L,D,M,M,5
5221,2024-09-15,Celta Vigo,Valladolid,3,1,H,10,1,9,10,6,4,L,L,L,D,W,L,W,W,M,M,5
5222,2024-09-15,Girona,Barcelona,1,4,A,7,13,4,3,7,12,W,W,W,W,L,W,D,W,M,M,5
5223,2024-09-15,Las Palmas,Athletic Club,2,3,A,4,3,7,4,2,4,L,L,D,W,L,L,D,D,M,M,5
5224,2024-09-15,Atletico Madrid,Valencia,3,0,H,6,3,2,7,8,1,W,D,D,L,W,L,D,L,M,M,5
5225,2024-09-16,Rayo Vallecano,Osasuna,3,1,H,4,5,5,7,4,7,L,W,L,L,D,W,W,D,M,M,5
5226,2024-09-17,Mallorca,Real Sociedad,1,0,H,2,3,2,4,5,4,W,D,D,L,L,W,D,L,M,M,5
5227,2024-09-18,Real Betis,Getafe,2,1,H,5,2,4,4,8,3,W,L,W,L,L,D,D,D,D,D,6
5228,2024-09-19,Leganes,Athletic Club,0,2,A,3,6,5,6,5,7,L,W,L,L,D,W,W,L,D,D,6
5229,2024-09-20,Alaves,Sevilla,2,1,H,7,4,6,6,7,5,L,W,W,L,W,D,D,L,L,D,6
5230,2024-09-21,Valladolid,Real Sociedad,0,0,D,2,3,13,6,4,4,L,L,L,D,D,L,L,W,W,L,6
5231,2024-09-21,Osasuna,Las Palmas,2,1,H,6,6,10,10,7,2,L,L,W,L,L,D,W,L,D,D,6
5232,2024-09-21,Valencia,Girona,2,0,H,3,8,10,8,1,7,L,L,D,W,L,W,L,L,L,D,6
5233,2024-09-21,Real Madrid,Espanyol,4,1,H,9,5,2,5,11,7,W,W,W,W,D,D,W,L,D,L,6
5234,2024-09-22,Getafe,Leganes,1,1,D,2,3,4,5,3,5,L,L,L,L,D,D,D,W,D,D,6
5235,2024-09-22,Athletic Club,Celta Vigo,3,1,H,6,13,6,10,7,9,W,W,L,L,W,L,L,W,D,W,6
5236,2024-09-22,Villarreal,Barcelona,1,5,A,11,17,8,4,11,15,W,W,D,W,W,W,W,W,D,W,6
5237,2024-09-22,Rayo Vallecano,Atletico Madrid,1,1,D,8,10,7,3,8,12,D,D,W,W,L,W,L,D,D,W,7
5238,2024-09-23,Real Betis,Mallorca,1,2,A,6,4,6,4,8,8,L,W,W,L,W,W,L,D,D,L,7
5239,2024-09-24,Valencia,Osasuna,0,0,D,5,8,10,11,4,10,W,W,L,L,D,W,L,L,L,W,7
5240,2024-09-24,Sevilla,Valladolid,2,1,H,5,2,8,13,5,5,L,D,W,L,L,L,D,D,L,L,7
5241,2024-09-24,Real Madrid,Alaves,3,2,H,13,9,3,7,14,10,W,W,W,L,W,W,D,W,W,D,7
5242,2024-09-25,Girona,Rayo Vallecano,0,0,D,8,8,10,7,7,8,L,D,L,W,W,L,W,L,L,D,7
5243,2024-09-25,Barcelona,Getafe,1,0,H,22,3,5,5,18,4,W,D,W,L,W,L,W,D,W,D,7
5244,2024-09-26,Las Palmas,Real Betis,1,1,D,7,6,12,6,2,8,L,L,L,W,L,W,D,L,L,D,7
5245,2024-09-26,Espanyol,Villarreal,1,2,A,6,12,9,13,7,11,L,L,W,W,W,D,D,W,L,W,7
5246,2024-09-26,Celta Vigo,Atletico Madrid,0,1,A,14,10,13,3,9,12,L,D,W,W,L,W,L,D,W,W,7
5247,2024-09-27,Valladolid,Mallorca,1,2,A,3,6,15,5,5,11,L,W,D,W,L,L,L,W,D,D,8
5248,2024-09-28,Getafe,Alaves,2,0,H,3,11,6,10,4,10,L,L,D,W,L,L,L,W,D,W,8
5249,2024-09-28,Rayo Vallecano,Leganes,1,1,D,8,4,7,8,9,6,D,D,D,L,W,L,L,L,L,D,8
5250,2024-09-28,Real Sociedad,Valencia,3,0,H,3,5,7,10,5,5,D,D,L,W,L,L,D,D,L,L,8
5251,2024-09-28,Osasuna,Barcelona,4,2,H,8,23,11,5,11,21,D,W,W,W,L,W,W,W,L,W,8
5252,2024-09-29,Celta Vigo,Girona,1,1,D,14,8,14,10,9,8,L,D,L,L,W,L,L,W,L,W,8
5253,2024-09-29,Athletic Club,Sevilla,1,1,D,11,7,7,9,13,8,W,W,W,L,W,W,L,L,W,D,8
5254,2024-09-29,Real Betis,Espanyol,1,0,H,7,7,7,11,9,7,D,L,L,L,W,W,W,W,L,D,8
5255,2024-09-29,Atletico Madrid,Real Madrid,1,1,D,11,16,3,5,15,17,W,W,D,W,W,W,W,W,D,D,8
5256,2024-09-30,Villarreal,Las Palmas,3,1,H,14,8,14,13,14,3,W,D,L,L,W,L,D,L,W,D,8
5257,2024-10-04,Leganes,Valencia,0,0,D,5,5,9,13,7,5,D,L,D,D,L,W,L,L,L,D,9
5258,2024-10-05,Espanyol,Mallorca,2,1,H,7,8,12,6,7,14,L,W,L,W,L,W,W,L,W,W,9
5259,2024-10-05,Getafe,Osasuna,1,1,D,5,12,6,13,7,14,W,W,L,D,D,W,L,L,L,W,9
5260,2024-10-05,Las Palmas,Celta Vigo,0,1,A,9,15,16,15,3,10,L,D,D,L,L,L,L,W,L,L,9
5261,2024-10-05,Valladolid,Rayo Vallecano,1,2,A,4,9,17,8,5,10,L,D,L,D,D,D,L,W,L,L,9
5262,2024-10-05,Real Madrid,Villarreal,2,0,H,17,17,6,15,18,17,D,W,W,W,W,L,W,W,W,D,9
5263,2024-10-06,Girona,Athletic Club,2,1,H,9,12,11,8,9,14,D,D,D,W,L,W,L,W,W,L,9
5264,2024-10-06,Alaves,Barcelona,0,3,A,11,25,12,9,10,21,L,L,L,W,W,W,L,W,W,W,9
5265,2024-10-06,Sevilla,Real Betis,1,0,H,8,8,10,7,9,12,D,W,W,D,L,L,W,W,L,W,9
5266,2024-10-06,Real Sociedad,Atletico Madrid,1,1,D,6,12,7,4,8,16,W,D,D,W,L,D,L,W,D,W,9
5267,2024-10-18,Alaves,Valladolid,2,3,A,11,5,15,19,10,5,L,L,L,L,L,L,W,D,L,L,10
5268,2024-10-19,Athletic Club,Espanyol,4,1,H,13,9,10,13,14,10,L,W,D,L,W,L,W,L,W,W,10
5269,2024-10-19,Osasuna,Real Betis,1,2,A,13,8,14,8,15,12,D,L,W,W,D,D,W,L,L,W,10
5270,2024-10-19,Girona,Real Sociedad,0,1,A,11,7,12,8,12,9,W,D,D,W,D,D,L,L,L,L,10
5271,2024-10-19,Celta Vigo,Real Madrid,1,2,A,16,19,15,6,13,21,W,W,D,D,L,W,L,W,W,W,10
5272,2024-10-20,Mallorca,Rayo Vallecano,1,0,H,9,11,8,9,14,13,L,W,W,D,W,D,W,D,L,W,10
5273,2024-10-20,Atletico Madrid,Leganes,3,1,H,13,5,5,9,17,8,D,D,D,D,W,D,D,L,W,L,10
5274,2024-10-20,Villarreal,Getafe,1,1,D,17,6,17,7,17,8,L,D,W,W,W,L,L,D,W,L,10
5275,2024-10-20,Barcelona,Sevilla,5,1,H,28,9,9,10,24,12,W,W,L,D,W,W,W,L,W,W,10
5276,2024-10-21,Valencia,Las Palmas,2,3,A,5,9,13,17,6,3,D,L,L,L,D,D,W,L,L,L,10
5277,2024-10-25,Espanyol,Sevilla,0,2,A,10,10,17,15,10,12,L,L,W,W,L,D,L,W,L,L,11
5278,2024-10-26,Valladolid,Villarreal,1,2,A,8,18,21,18,8,18,W,D,L,L,L,W,L,W,D,L,11
5279,2024-10-26,Rayo Vallecano,Alaves,1,0,H,11,13,10,18,13,10,L,L,W,L,D,L,D,L,D,W,11
5280,2024-10-26,Las Palmas,Girona,1,0,H,12,11,19,13,6,12,W,L,L,W,L,D,D,D,L,L,11
5281,2024-10-26,Real Madrid,Barcelona,0,4,A,21,33,7,10,24,27,W,W,W,W,D,L,W,W,W,W,11
5282,2024-10-27,Leganes,Celta Vigo,3,0,H,6,17,12,17,8,13,L,L,D,W,D,D,D,L,L,L,11
5283,2024-10-27,Getafe,Valencia,1,1,D,7,7,8,16,9,6,D,L,D,D,W,L,L,D,D,W,11
5284,2024-10-27,Real Betis,Atletico Madrid,1,0,H,10,16,9,6,15,20,W,W,L,D,W,D,D,W,L,D,11
5285,2024-10-27,Real Sociedad,Osasuna,0,2,A,8,14,8,16,12,15,W,L,D,D,W,W,D,D,L,W,11
5286,2024-10-28,Mallorca,Athletic Club,0,0,D,10,17,8,11,17,17,W,W,L,L,W,D,W,W,W,W,11
5287,2024-11-01,Alaves,Mallorca,1,0,H,13,10,19,8,10,18,L,D,L,W,L,L,L,W,L,W,12
5288,2024-11-02,Osasuna,Valladolid,1,0,H,16,9,16,23,18,8,W,L,L,W,D,L,W,L,D,L,12
5289,2024-11-02,Girona,Leganes,4,3,H,11,9,14,12,12,11,L,W,L,L,W,D,D,D,D,D,12
5290,2024-11-03,Atletico Madrid,Las Palmas,2,0,H,16,13,7,19,20,9,L,W,W,W,D,L,D,L,W,D,12
5291,2024-11-03,Barcelona,Espanyol,3,1,H,37,10,10,19,30,10,W,L,W,L,W,W,L,L,W,L,12
5292,2024-11-03,Sevilla,Real Sociedad,0,2,A,12,8,15,10,15,12,W,L,L,W,W,D,D,W,W,D,12
5293,2024-11-03,Athletic Club,Real Betis,1,1,D,17,11,11,9,18,18,D,W,W,W,L,L,D,W,W,D,12
5294,2024-11-04,Celta Vigo,Getafe,1,0,H,17,8,20,9,13,10,L,D,L,D,W,D,D,W,L,L,12
5295,2024-11-08,Rayo Vallecano,Las Palmas,1,3,A,12,13,10,19,16,9,W,W,L,W,W,L,D,L,D,D,12
5296,2024-11-09,Real Madrid,Osasuna,4,0,H,21,16,11,16,24,18,L,W,W,L,W,D,D,W,W,D,12
5297,2024-11-09,Villarreal,Alaves,3,0,H,23,14,19,19,24,13,W,W,W,L,D,L,L,L,W,L,13
5298,2024-11-09,Leganes,Sevilla,1,0,H,12,12,16,17,11,15,L,L,W,W,L,L,D,W,D,D,13
5299,2024-11-10,Real Betis,Celta Vigo,2,2,D,12,18,10,20,19,16,D,W,W,L,W,L,L,W,W,D,13
5300,2024-11-10,Mallorca,Atletico Madrid,0,1,A,10,18,9,7,18,23,L,W,D,L,W,W,L,D,W,D,13
5301,2024-11-10,Getafe,Girona,0,1,A,8,15,10,17,10,15,L,W,D,L,D,L,D,W,W,D,13
5302,2024-11-10,Valladolid,Athletic Club,1,1,D,9,18,24,12,8,19,L,D,L,D,W,W,L,L,L,D,13
5303,2024-11-10,Real Sociedad,Barcelona,1,0,H,10,40,10,11,15,33,W,W,L,W,W,W,D,W,W,L,13
5304,2024-11-22,Getafe,Valladolid,2,0,H,8,9,10,24,10,8,L,L,D,L,D,W,D,L,W,L,13
5305,2024-11-23,Valencia,Real Betis,4,2,H,12,12,19,10,10,19,W,D,D,W,L,W,D,L,L,W,13
5306,2024-11-23,Atletico Madrid,Alaves,2,1,H,18,14,7,19,23,13,W,W,L,L,W,L,D,L,D,L,13
5307,2024-11-23,Las Palmas,Mallorca,2,3,A,16,10,22,10,12,18,W,L,L,L,W,D,W,W,L,L,14
5308,2024-11-23,Girona,Espanyol,4,1,H,16,12,17,26,18,10,W,L,W,L,L,L,L,L,W,W,14
5309,2024-11-23,Celta Vigo,Barcelona,2,2,D,20,40,22,12,17,33,D,L,W,W,L,W,L,W,W,W,14
5310,2024-11-24,Osasuna,Villarreal,2,2,D,17,25,20,21,21,25,L,D,W,W,W,W,L,D,D,L,14
5311,2024-11-24,Sevilla,Rayo Vallecano,1,0,H,12,13,18,14,15,16,L,L,L,L,W,W,L,L,W,W,14
5312,2024-11-24,Leganes,Real Madrid,0,3,A,13,28,16,11,14,30,W,W,L,W,W,L,L,W,D,W,14
5313,2024-11-24,Athletic Club,Real Sociedad,1,0,H,19,11,13,10,20,18,D,W,D,W,D,L,W,W,L,D,14
5314,2024-11-29,Mallorca,Valencia,2,1,H,10,13,10,21,18,10,L,L,L,W,D,D,W,L,L,D,14
5315,2024-11-30,Barcelona,Las Palmas,1,2,A,40,16,12,22,33,12,L,W,W,L,W,W,W,W,W,L,14
5316,2024-11-30,Alaves,Leganes,1,1,D,14,13,22,16,13,14,L,W,W,L,L,W,L,L,L,D,14
5317,2024-11-30,Espanyol,Celta Vigo,3,1,H,15,22,27,24,13,18,W,D,L,D,L,W,L,L,L,L,15
5318,2024-11-30,Valladolid,Atletico Madrid,0,5,A,10,21,27,8,9,29,L,W,D,W,L,W,L,L,W,W,15
5319,2024-12-01,Villarreal,Girona,2,2,D,27,20,23,18,26,21,D,W,D,W,W,W,W,L,D,L,15
5320,2024-12-01,Real Madrid,Getafe,2,0,H,30,10,11,11,33,13,W,W,W,L,W,L,L,D,W,D,15
5321,2024-12-01,Rayo Vallecano,Athletic Club,1,2,A,14,20,16,13,16,23,L,W,L,D,L,D,W,D,L,W,15
5322,2024-12-01,Real Sociedad,Real Betis,2,0,H,11,16,11,16,18,20,L,L,W,D,W,D,L,W,W,W,15
5323,2024-12-02,Sevilla,Osasuna,1,1,D,13,19,18,22,18,22,W,D,L,L,L,W,W,W,L,L,15
5324,2024-12-03,Mallorca,Barcelona,1,5,A,13,42,12,14,21,34,W,D,L,L,L,W,D,W,W,W,15
5325,2024-12-04,Athletic Club,Real Madrid,2,1,H,20,30,13,11,23,33,W,W,D,W,D,W,D,L,W,W,15
5326,2024-12-06,Celta Vigo,Mallorca,2,0,H,22,13,24,12,18,21,D,W,D,L,W,L,L,D,L,W,15
5327,2024-12-07,Las Palmas,Valladolid,2,1,H,20,10,26,32,15,9,W,L,L,L,W,D,L,L,W,L,16
5328,2024-12-07,Real Betis,Barcelona,2,2,D,16,43,18,16,20,34,L,L,L,D,D,L,D,W,W,W,16
5329,2024-12-07,Valencia,Rayo Vallecano,0,1,A,13,15,23,16,10,19,L,W,L,L,L,L,W,L,D,W,16
5330,2024-12-07,Girona,Real Madrid,0,3,A,22,31,20,13,22,33,D,L,W,W,W,W,W,W,L,L,16
5331,2024-12-08,Leganes,Real Sociedad,0,3,A,14,13,20,11,15,21,D,W,L,L,W,W,L,W,W,L,16
5332,2024-12-08,Athletic Club,Villarreal,2,0,H,22,27,14,25,26,26,W,L,W,D,D,D,D,W,D,W,16
5333,2024-12-08,Osasuna,Alaves,2,2,D,20,16,23,25,23,14,D,D,D,L,L,L,W,W,W,L,16
5334,2024-12-08,Atletico Madrid,Sevilla,4,3,H,26,14,8,19,32,19,W,D,W,W,W,L,W,L,L,W,16
5335,2024-12-09,Getafe,Espanyol,1,0,H,10,15,13,28,13,13,L,L,W,W,L,L,L,L,D,L,16
5336,2024-12-13,Valladolid,Valencia,1,0,H,10,13,32,23,9,10,L,L,L,L,D,L,L,W,L,D,16
5337,2024-12-14,Espanyol,Osasuna,0,0,D,15,22,28,25,14,24,D,D,L,D,W,D,L,L,L,W,17
5338,2024-12-14,Mallorca,Girona,2,1,H,16,22,18,23,24,22,L,L,W,D,W,W,L,W,L,W,17
5339,2024-12-14,Sevilla,Celta Vigo,1,0,H,17,25,23,27,19,21,L,W,D,L,W,D,L,D,L,W,17
5340,2024-12-14,Rayo Vallecano,Real Madrid,3,3,D,18,34,19,13,20,36,D,W,W,L,L,W,L,W,L,W,17
5341,2024-12-15,Atletico Madrid,Getafe,1,0,H,30,11,11,13,35,16,W,W,W,L,W,W,W,L,W,L,17
5342,2024-12-15,Alaves,Athletic Club,1,1,D,18,24,27,15,15,29,D,W,D,W,L,W,L,D,W,D,17
5343,2024-12-15,Villarreal,Real Betis,1,2,A,28,18,27,20,26,21,L,D,L,L,D,L,D,D,W,D,17
5344,2024-12-15,Real Sociedad,Las Palmas,0,0,D,16,22,11,27,24,18,W,W,W,W,L,L,W,W,W,L,17
5345,2024-12-15,Barcelona,Leganes,0,1,A,48,14,17,23,37,15,W,L,L,D,D,L,L,W,W,L,17
5346,2024-12-18,Villarreal,Rayo Vallecano,1,1,D,28,18,27,19,26,20,L,D,L,W,D,L,D,L,W,L,17
5347,2024-12-18,Espanyol,Valencia,1,1,D,16,16,29,26,15,12,D,D,D,D,L,L,W,L,L,L,18
5348,2024-12-20,Girona,Valladolid,3,0,H,23,12,25,34,22,12,L,W,L,L,D,L,W,L,W,D,18
5349,2024-12-21,Getafe,Mallorca,0,1,A,11,16,14,20,16,24,L,L,W,L,L,W,W,W,L,L,18
5350,2024-12-21,Celta Vigo,Real Sociedad,2,0,H,25,16,28,11,21,25,L,D,W,W,L,W,D,L,D,W,18
5351,2024-12-21,Osasuna,Athletic Club,1,2,A,22,26,25,15,25,32,D,W,D,W,D,W,D,W,L,D,18
5352,2024-12-21,Barcelona,Atletico Madrid,1,2,A,50,31,19,11,38,38,D,W,W,W,L,W,D,W,L,W,18
5353,2024-12-22,Valencia,Alaves,2,2,D,16,19,26,28,12,16,D,D,D,D,L,D,L,L,L,L,18
5354,2024-12-22,Real Madrid,Sevilla,4,2,H,37,18,16,23,37,22,D,W,W,L,L,D,W,W,W,L,18
5355,2024-12-22,Las Palmas,Espanyol,1,0,H,22,16,27,29,19,15,D,D,W,D,W,L,L,W,W,L,18
5356,2024-12-22,Leganes,Villarreal,2,5,A,15,29,23,28,18,27,W,D,L,L,D,L,L,D,W,D,18
5357,2024-12-22,Real Betis,Rayo Vallecano,1,1,D,21,20,22,21,25,22,D,D,W,D,D,D,L,W,L,L,19
5358,2025-01-03,Valencia,Real Madrid,1,2,A,17,41,28,18,12,40,L,W,D,D,D,W,L,L,L,W,19
5359,2025-01-10,Rayo Vallecano,Celta Vigo,2,1,H,20,27,21,28,22,24,D,W,D,L,D,W,W,L,L,D,19
5360,2025-01-11,Alaves,Girona,0,1,A,21,26,30,25,17,25,D,W,D,L,D,L,D,D,L,W,19
5361,2025-01-11,Valladolid,Real Betis,1,0,H,12,21,37,22,12,25,L,D,W,W,L,D,L,L,L,L,19
5362,2025-01-11,Espanyol,Leganes,1,1,D,16,17,30,28,15,18,L,L,D,W,D,L,L,D,W,L,19
5363,2025-01-11,Sevilla,Valencia,1,1,D,20,17,27,28,22,12,L,L,W,D,L,D,D,L,W,L,19
5364,2025-01-12,Las Palmas,Getafe,1,2,A,23,11,27,15,22,16,W,L,D,L,W,W,W,L,L,W,19
5365,2025-01-12,Atletico Madrid,Osasuna,1,0,H,33,23,12,27,41,25,W,L,W,D,W,D,W,D,W,D,19
5366,2025-01-13,Real Sociedad,Villarreal,1,0,H,16,34,13,30,25,30,L,W,D,D,W,L,W,L,L,D,19
5367,2025-01-17,Espanyol,Valladolid,2,1,H,17,13,31,37,16,15,D,W,L,L,D,W,D,L,L,L,20
5368,2025-01-18,Girona,Sevilla,1,2,A,27,21,25,28,28,23,W,D,W,L,L,W,L,L,D,D,20
5369,2025-01-18,Leganes,Atletico Madrid,1,0,H,18,34,29,12,19,44,D,W,L,W,W,W,L,W,D,W,20
5370,2025-01-18,Real Betis,Alaves,1,3,A,21,21,23,31,25,17,L,L,D,D,W,D,D,D,L,D,20
5371,2025-01-18,Getafe,Barcelona,1,1,D,13,51,16,22,19,38,W,L,L,L,L,D,W,W,L,L,20
5372,2025-01-19,Celta Vigo,Athletic Club,1,2,A,28,29,30,17,24,36,L,W,W,D,L,W,W,W,L,W,20
5373,2025-01-19,Real Madrid,Las Palmas,4,1,H,43,24,19,29,43,22,W,L,W,W,D,D,W,W,L,W,20
5374,2025-01-19,Osasuna,Rayo Vallecano,1,1,D,23,22,28,22,25,25,L,W,L,D,D,D,D,D,D,W,20
5375,2025-01-19,Valencia,Real Sociedad,1,0,H,18,17,29,13,13,28,D,W,L,L,D,D,D,W,L,W,20
5376,2025-01-20,Villarreal,Mallorca,4,0,H,34,19,31,21,30,30,L,W,W,W,D,L,L,L,L,W,20
5377,2025-01-24,Las Palmas,Osasuna,1,1,D,25,24,33,29,22,26,L,D,L,L,W,L,D,D,W,D,21
5378,2025-01-25,Mallorca,Real Betis,0,1,A,19,22,25,26,30,25,L,L,W,L,W,D,L,W,L,D,21
5379,2025-01-25,Atletico Madrid,Villarreal,1,1,D,34,38,13,31,44,33,L,W,W,L,W,W,W,D,W,L,21
5380,2025-01-25,Sevilla,Espanyol,1,1,D,23,19,29,32,26,19,W,W,D,D,L,L,W,D,L,D,21
5381,2025-01-25,Valladolid,Real Madrid,0,3,A,14,47,39,20,15,46,L,W,W,W,L,W,W,D,L,W,21
5382,2025-01-26,Rayo Vallecano,Girona,2,1,H,23,28,23,27,26,28,D,L,W,W,D,W,D,L,D,L,21
5383,2025-01-26,Real Sociedad,Getafe,0,3,A,17,14,14,17,28,20,L,D,W,W,L,L,D,L,W,W,21
5384,2025-01-26,Athletic Club,Leganes,0,0,D,31,19,18,29,39,22,W,W,W,D,D,L,W,W,W,L,21
5385,2025-01-26,Barcelona,Valencia,7,1,H,52,19,23,29,39,16,D,W,L,D,L,L,D,D,W,D,21
5386,2025-01-27,Alaves,Celta Vigo,1,1,D,24,29,32,32,20,24,W,L,L,L,D,W,D,L,D,W,21
5387,2025-01-31,Leganes,Rayo Vallecano,0,1,A,19,25,29,24,23,29,D,W,W,D,D,W,L,D,W,D,22
5388,2025-02-01,Getafe,Sevilla,0,0,D,17,24,17,30,23,27,W,D,D,W,W,D,L,L,L,W,22
5389,2025-02-01,Villarreal,Valladolid,5,1,H,39,14,32,42,34,15,D,L,W,L,L,W,W,L,D,W,22
5390,2025-02-01,Atletico Madrid,Mallorca,2,0,H,35,19,14,26,45,30,D,L,L,L,W,W,W,W,W,L,22
5391,2025-02-01,Espanyol,Real Madrid,1,0,H,20,50,33,20,20,49,D,W,W,W,D,W,L,W,D,D,22
5392,2025-02-02,Barcelona,Alaves,1,0,H,59,25,24,33,42,21,W,D,D,W,L,L,L,D,D,D,22
5393,2025-02-02,Valencia,Celta Vigo,2,1,H,20,30,36,33,16,25,L,D,W,L,D,L,L,W,D,L,22
5394,2025-02-02,Osasuna,Real Sociedad,2,1,H,25,17,30,17,27,28,D,L,D,L,L,W,L,L,D,D,22
5395,2025-02-02,Real Betis,Athletic Club,2,2,D,23,31,26,18,28,40,W,D,L,W,L,W,D,D,W,W,22
5396,2025-02-03,Girona,Las Palmas,2,1,H,29,26,29,34,28,23,L,D,L,L,W,L,W,W,L,D,22
5397,2025-02-07,Rayo Vallecano,Valladolid,1,0,H,26,15,24,47,32,15,W,L,W,L,D,L,W,W,D,L,23
5398,2025-02-08,Celta Vigo,Real Betis,3,2,H,31,25,35,28,25,29,L,D,D,W,L,L,L,L,W,D,23
5399,2025-02-08,Athletic Club,Girona,3,0,H,33,31,20,30,41,31,D,W,D,L,W,L,W,W,D,W,23
5400,2025-02-08,Las Palmas,Villarreal,1,2,A,27,44,36,33,23,37,L,W,D,D,L,W,L,L,W,W,23
5401,2025-02-08,Real Madrid,Atletico Madrid,1,1,D,50,37,21,14,49,48,L,W,W,D,W,L,W,W,W,W,23
5402,2025-02-09,Alaves,Getafe,0,1,A,25,17,34,17,21,24,L,D,D,W,W,D,L,W,D,L,23
5403,2025-02-09,Valencia,Leganes,2,0,H,22,19,37,30,19,23,W,L,L,D,W,W,D,D,L,L,23
5404,2025-02-09,Real Sociedad,Espanyol,2,1,H,18,21,19,33,28,23,L,W,L,D,L,W,W,D,L,L,23
5405,2025-02-09,Sevilla,Barcelona,1,4,A,24,60,30,24,28,45,D,W,D,W,W,D,D,L,L,L,23
5406,2025-02-10,Mallorca,Osasuna,1,1,D,19,27,28,31,30,30,L,W,L,D,L,D,W,L,W,L,23
5407,2025-02-14,Girona,Getafe,1,2,A,31,18,33,17,31,27,L,W,W,D,L,W,L,D,W,W,24
5408,2025-02-15,Leganes,Alaves,3,3,D,19,25,32,35,23,21,L,L,L,L,D,D,W,W,D,L,24
5409,2025-02-15,Osasuna,Real Madrid,1,1,D,28,51,32,22,31,50,D,D,W,L,D,W,D,W,L,W,24
5410,2025-02-15,Atletico Madrid,Celta Vigo,1,1,D,38,34,15,37,49,28,D,W,W,L,D,D,L,L,W,L,24
5411,2025-02-15,Villarreal,Valencia,1,1,D,46,24,34,37,40,22,W,W,W,W,D,L,W,W,L,D,24
5412,2025-02-16,Espanyol,Athletic Club,1,1,D,22,36,35,20,23,44,L,W,W,D,D,D,W,W,D,W,24
5413,2025-02-16,Valladolid,Sevilla,0,4,A,15,25,48,34,15,28,L,L,L,D,L,D,L,W,W,D,24
5414,2025-02-16,Mallorca,Las Palmas,3,1,H,20,28,29,38,31,23,D,L,L,L,L,D,L,L,W,L,24
5415,2025-02-16,Real Betis,Real Sociedad,3,0,H,27,20,31,20,29,31,L,W,D,L,W,L,L,L,L,W,24
5416,2025-02-17,Barcelona,Rayo Vallecano,1,0,H,64,27,25,24,48,35,W,W,W,W,W,W,D,D,L,W,24
5417,2025-02-21,Celta Vigo,Osasuna,1,0,H,35,29,38,33,29,32,D,D,W,D,L,W,D,D,L,D,25
5418,2025-02-22,Alaves,Espanyol,0,1,A,28,23,38,36,22,24,D,D,L,L,L,W,D,D,W,W,25
5419,2025-02-22,Rayo Vallecano,Villarreal,0,1,A,27,47,25,35,35,41,L,D,W,W,W,W,W,D,D,W,25
5420,2025-02-22,Valencia,Atletico Madrid,0,3,A,25,39,38,16,23,50,D,D,W,D,W,W,L,D,W,L,25
5421,2025-02-22,Las Palmas,Barcelona,0,2,A,29,65,41,25,23,51,L,W,L,W,L,W,D,W,L,D,25
5422,2025-02-23,Athletic Club,Valladolid,7,1,H,37,15,21,52,45,15,D,L,W,L,D,L,D,L,W,L,25
5423,2025-02-23,Real Madrid,Girona,2,0,H,52,32,23,35,51,31,D,L,D,L,L,W,W,L,W,L,25
5424,2025-02-23,Getafe,Real Betis,1,2,A,20,30,18,31,30,32,W,W,W,L,D,D,W,W,D,L,25
5425,2025-02-23,Real Sociedad,Leganes,3,0,H,20,22,23,35,31,24,L,D,W,L,L,L,L,D,L,W,25
5426,2025-02-24,Sevilla,Mallorca,1,1,D,29,23,34,30,31,34,W,W,L,D,D,L,D,L,W,L,25
5427,2025-02-28,Valladolid,Las Palmas,1,1,D,16,29,59,43,15,23,L,L,L,L,L,L,L,L,L,D,26
5428,2025-03-01,Girona,Celta Vigo,2,2,D,32,36,37,38,31,32,L,W,L,D,L,W,W,L,L,D,26
5429,2025-03-01,Rayo Vallecano,Sevilla,1,1,D,27,30,26,35,35,32,L,D,L,W,W,L,W,D,W,D,26
5430,2025-03-01,Real Betis,Real Madrid,2,1,H,32,54,32,23,35,54,W,W,W,D,L,D,D,L,W,W,26
5431,2025-03-01,Atletico Madrid,Athletic Club,1,0,H,42,44,16,22,53,48,W,W,D,D,D,W,W,D,D,D,26
5432,2025-03-02,Leganes,Getafe,1,0,H,22,21,38,20,24,30,L,L,D,W,L,W,L,D,D,W,26
5433,2025-03-02,Barcelona,Real Sociedad,4,0,H,67,23,25,23,54,34,W,W,W,L,W,W,W,L,W,L,26
5434,2025-03-02,Mallorca,Alaves,1,1,D,24,28,31,39,35,22,D,L,W,D,D,L,L,L,L,D,26
5435,2025-03-02,Osasuna,Valencia,3,3,D,29,25,34,41,32,23,L,L,D,D,D,W,W,W,D,L,26
5436,2025-03-08,Celta Vigo,Leganes,2,1,H,36,22,38,38,32,24,W,L,D,D,W,L,L,L,D,D,26
5437,2025-03-08,Alaves,Villarreal,1,0,H,29,48,40,36,23,44,D,L,L,W,D,D,L,W,L,W,27
5438,2025-03-08,Valencia,Valladolid,2,1,H,28,17,44,60,24,16,D,D,L,L,D,L,W,L,W,L,27
5439,2025-03-09,Getafe,Atletico Madrid,2,1,H,21,43,21,16,30,56,L,W,L,W,W,D,W,D,D,W,27
5440,2025-03-09,Real Madrid,Rayo Vallecano,2,1,H,55,28,25,27,54,36,L,D,W,L,D,L,D,W,L,W,27
5441,2025-03-09,Athletic Club,Mallorca,1,1,D,44,25,23,32,48,36,L,D,W,D,D,W,W,D,D,L,27
5442,2025-03-09,Real Betis,Las Palmas,1,0,H,34,30,33,44,38,24,W,D,W,L,W,L,L,L,D,L,27
5443,2025-03-09,Real Sociedad,Sevilla,0,1,A,23,31,27,36,34,33,L,D,W,D,L,W,W,L,L,D,27
5444,2025-03-10,Espanyol,Girona,1,1,D,25,34,37,39,28,32,D,D,W,L,D,L,L,L,W,W,27
5445,2025-03-14,Las Palmas,Alaves,2,2,D,30,29,44,40,24,23,D,D,L,L,L,D,L,L,L,L,27
5446,2025-03-15,Valladolid,Celta Vigo,0,1,A,17,38,60,40,16,33,D,D,L,W,L,D,L,W,L,L,27
5447,2025-03-15,Mallorca,Espanyol,2,1,H,26,26,33,39,37,28,D,L,D,D,D,W,W,D,D,L,28
5448,2025-03-15,Villarreal,Real Madrid,1,2,A,49,57,38,26,44,57,L,W,L,L,W,W,D,D,W,D,28
5449,2025-03-15,Girona,Valencia,1,1,D,35,30,40,45,33,27,D,W,D,D,L,L,L,D,L,W,28
5450,2025-03-16,Leganes,Real Betis,2,3,A,24,35,40,33,27,41,L,W,W,W,L,W,D,W,L,L,28
5451,2025-03-16,Sevilla,Athletic Club,0,1,A,32,45,36,24,36,49,W,D,D,L,D,W,W,D,L,W,28
5452,2025-03-16,Osasuna,Getafe,1,2,A,33,23,39,22,33,33,L,W,D,L,L,L,D,W,D,W,28
5453,2025-03-16,Rayo Vallecano,Real Sociedad,2,2,D,29,23,29,28,36,34,L,L,D,L,L,W,L,L,W,W,28
5454,2025-03-16,Atletico Madrid,Barcelona,2,4,A,44,75,18,27,56,60,L,W,W,W,W,W,D,W,D,W,28
5455,2025-03-27,Barcelona,Osasuna,3,0,H,75,33,27,39,60,33,W,L,W,D,W,L,W,D,W,D,28
5456,2025-03-29,Real Sociedad,Valladolid,2,1,H,23,18,28,62,34,16,L,L,L,D,W,L,L,L,W,L,28
5457,2025-03-29,Espanyol,Atletico Madrid,1,1,D,27,46,40,22,29,56,D,L,L,L,D,W,W,W,D,D,29
5458,2025-03-29,Alaves,Rayo Vallecano,0,2,A,32,31,42,31,27,37,D,D,W,L,D,D,L,L,D,L,29
5459,2025-03-29,Real Madrid,Leganes,3,2,H,59,26,27,43,60,27,W,L,W,L,L,W,W,L,D,D,29
5460,2025-03-30,Getafe,Villarreal,1,2,A,25,51,23,39,36,47,W,W,W,L,L,L,L,W,W,D,29
5461,2025-03-30,Barcelona,Girona,4,1,H,78,36,27,41,63,34,W,D,W,D,W,D,W,L,W,L,29
5462,2025-03-30,Athletic Club,Osasuna,0,0,D,46,33,24,42,52,33,W,L,D,L,L,D,W,L,D,D,29
5463,2025-03-30,Valencia,Mallorca,1,0,H,31,28,46,34,28,40,D,W,W,D,D,D,L,D,D,W,29
5464,2025-03-30,Real Betis,Sevilla,2,1,H,38,32,35,37,44,36,W,L,W,W,W,D,W,D,W,W,29
5465,2025-03-31,Celta Vigo,Las Palmas,1,1,D,41,32,41,47,39,25,W,D,W,L,D,D,W,L,D,L,29
5466,2025-04-04,Rayo Vallecano,Espanyol,0,4,A,31,27,31,40,37,29,D,D,L,L,D,D,L,W,L,D,29
5467,2025-04-05,Girona,Alaves,0,1,A,37,32,45,44,34,27,L,L,D,D,D,W,D,D,L,L,30
5468,2025-04-05,Real Madrid,Valencia,1,2,A,62,32,29,46,63,31,W,W,W,D,W,W,L,D,W,L,30
5469,2025-04-05,Mallorca,Celta Vigo,1,2,A,28,42,35,42,40,40,L,D,W,W,D,W,D,D,D,W,30
5470,2025-04-05,Barcelona,Real Betis,1,1,D,82,40,28,36,66,47,W,W,W,W,W,W,W,W,W,W,30
5471,2025-04-06,Las Palmas,Real Sociedad,1,3,A,33,27,48,31,26,38,D,W,D,D,L,L,D,L,L,W,30
5472,2025-04-06,Sevilla,Atletico Madrid,1,2,A,33,47,39,23,36,57,L,D,L,L,W,L,D,W,D,W,30
5473,2025-04-06,Valladolid,Getafe,0,4,A,19,26,65,25,16,36,L,L,L,W,L,W,D,L,L,L,30
5474,2025-04-06,Villarreal,Athletic Club,0,0,D,51,46,39,24,48,53,D,D,W,W,L,D,L,L,W,W,30
5475,2025-04-07,Leganes,Osasuna,1,1,D,28,33,46,42,27,34,L,D,L,L,L,L,W,D,L,L,30
5476,2025-04-11,Valencia,Sevilla,1,0,H,32,33,46,39,31,36,W,L,D,L,W,W,D,D,L,D,30
5477,2025-04-12,Real Sociedad,Mallorca,0,2,A,30,29,32,37,41,40,W,L,W,L,D,W,L,D,L,D,31
5478,2025-04-12,Getafe,Las Palmas,1,3,A,30,34,25,51,39,26,W,L,L,D,W,D,W,L,L,D,31
5479,2025-04-12,Celta Vigo,Espanyol,0,2,A,44,33,43,40,43,35,W,W,D,W,W,D,W,L,D,D,31
5480,2025-04-12,Leganes,Barcelona,0,1,A,29,83,47,29,28,67,D,D,L,W,L,W,L,W,W,W,31
5481,2025-04-13,Osasuna,Girona,2,1,H,34,37,43,46,35,34,D,L,D,L,L,D,L,D,D,D,31
5482,2025-04-13,Alaves,Real Madrid,0,1,A,33,63,44,31,30,63,W,L,L,W,D,W,W,W,D,L,31
5483,2025-04-13,Real Betis,Villarreal,1,2,A,41,53,37,40,48,51,D,W,W,D,W,W,W,L,W,L,31
5484,2025-04-13,Athletic Club,Rayo Vallecano,3,1,H,46,33,24,35,54,40,D,L,D,W,W,D,D,L,L,D,31
5485,2025-04-14,Atletico Madrid,Valladolid,4,2,H,49,19,24,69,60,16,W,L,D,L,L,L,L,L,W,D,31
5486,2025-04-18,Espanyol,Getafe,1,0,H,33,30,40,25,35,39,W,W,W,L,D,W,L,W,D,L,31
5487,2025-04-19,Rayo Vallecano,Valencia,1,1,D,34,35,38,47,40,37,L,W,L,W,W,W,D,D,L,W,32
5488,2025-04-19,Barcelona,Celta Vigo,4,3,H,84,44,29,45,70,43,W,L,D,W,W,D,W,W,W,W,32
5489,2025-04-19,Mallorca,Leganes,0,0,D,31,29,37,48,43,28,W,L,L,D,L,L,W,L,D,L,32
5490,2025-04-19,Las Palmas,Atletico Madrid,1,0,H,37,53,52,26,29,63,W,W,L,W,D,D,D,L,L,L,32
5491,2025-04-20,Valladolid,Osasuna,2,3,A,21,36,73,44,16,38,L,W,L,D,L,D,L,L,L,L,32
5492,2025-04-20,Villarreal,Real Sociedad,2,2,D,55,30,42,34,52,41,D,L,W,W,D,W,W,D,L,L,32
5493,2025-04-20,Sevilla,Alaves,1,1,D,34,33,42,45,36,30,L,L,L,W,L,L,L,D,W,W,32
5494,2025-04-20,Real Madrid,Athletic Club,1,0,H,64,49,31,25,66,57,W,W,L,D,W,D,W,W,W,D,32
5495,2025-04-21,Girona,Real Betis,1,3,A,38,42,48,39,34,48,L,L,L,D,L,W,D,W,D,W,32
5496,2025-04-22,Valencia,Espanyol,1,1,D,35,34,47,40,37,38,W,W,W,W,W,W,D,D,W,L,32
5497,2025-04-22,Barcelona,Mallorca,1,0,H,88,31,32,37,73,44,W,D,W,W,D,L,W,L,W,W,33
5498,2025-04-23,Athletic Club,Las Palmas,1,0,H,49,38,26,52,57,32,L,W,W,W,D,L,D,D,W,D,33
5499,2025-04-23,Celta Vigo,Villarreal,3,0,H,47,55,49,45,43,52,L,L,L,D,W,W,D,D,W,W,33
5500,2025-04-23,Alaves,Real Sociedad,1,0,H,34,32,46,36,31,42,D,D,L,L,W,W,L,W,D,D,33
5501,2025-04-23,Getafe,Real Madrid,0,1,A,31,65,29,31,39,69,L,W,L,W,W,L,L,W,W,W,33
5502,2025-04-24,Leganes,Girona,1,1,D,29,39,48,51,29,34,D,L,L,L,D,L,L,L,L,D,33
5503,2025-04-24,Osasuna,Sevilla,1,0,H,39,35,46,43,41,37,W,D,W,L,D,L,D,L,L,L,33
5504,2025-04-24,Atletico Madrid,Rayo Vallecano,3,0,H,53,35,27,39,63,41,L,D,W,L,W,L,D,W,L,D,33
5505,2025-04-24,Real Betis,Valladolid,5,1,H,45,23,40,76,51,16,W,L,L,L,D,L,W,L,W,L,33
5506,2025-04-27,Villarreal,Espanyol,1,0,H,55,35,45,41,52,39,L,D,D,W,W,W,D,W,W,D,33
5507,2025-05-02,Rayo Vallecano,Getafe,1,0,H,35,31,42,30,41,39,L,L,D,L,L,L,L,W,W,L,34
5508,2025-05-03,Alaves,Atletico Madrid,0,0,D,35,56,46,27,34,66,W,W,D,L,L,W,W,W,L,D,34
5509,2025-05-03,Villarreal,Osasuna,4,2,H,56,40,45,46,55,44,W,W,L,W,D,W,W,D,D,D,34
5510,2025-05-03,Las Palmas,Valencia,2,3,A,38,37,53,49,32,39,L,D,W,D,W,W,L,W,D,W,34
5511,2025-05-03,Valladolid,Barcelona,1,2,A,24,89,81,32,16,76,L,W,L,W,L,W,L,D,L,W,34
5512,2025-05-04,Real Madrid,Celta Vigo,3,2,H,66,50,31,49,72,46,W,W,W,L,W,L,L,W,W,D,34
5513,2025-05-04,Sevilla,Leganes,2,2,D,35,30,44,49,37,30,L,D,D,D,L,L,L,D,L,L,34
5514,2025-05-04,Espanyol,Real Betis,1,2,A,35,50,42,41,39,54,L,W,D,W,W,L,W,D,W,W,34
5515,2025-05-04,Real Sociedad,Athletic Club,0,0,D,32,50,37,26,42,60,L,W,D,L,L,W,W,D,W,D,34
5516,2025-05-05,Girona,Mallorca,1,0,H,40,31,52,38,35,44,D,L,L,D,L,W,L,L,L,L,34
5517,2025-05-09,Las Palmas,Rayo Vallecano,0,1,A,40,36,56,42,32,44,L,W,L,L,W,D,W,L,L,L,35
5518,2025-05-10,Valencia,Getafe,3,0,H,40,31,51,31,42,39,W,L,D,L,D,L,W,L,W,W,35
5519,2025-05-10,Celta Vigo,Sevilla,3,2,H,52,37,52,46,46,38,L,D,W,L,L,D,L,L,W,L,35
5520,2025-05-10,Girona,Villarreal,0,1,A,41,60,52,47,38,58,W,W,D,W,L,L,L,D,L,W,35
5521,2025-05-10,Mallorca,Valladolid,2,1,H,31,25,39,83,44,16,L,L,L,L,D,L,W,L,L,L,35
5522,2025-05-10,Atletico Madrid,Real Sociedad,4,0,H,56,32,27,37,67,43,D,D,W,L,L,D,W,L,W,W,35
5523,2025-05-11,Leganes,Espanyol,3,2,H,32,36,51,44,31,39,D,L,D,L,D,D,L,W,D,W,35
5524,2025-05-11,Barcelona,Real Madrid,4,3,H,91,69,33,33,79,75,W,W,W,W,W,W,W,W,D,L,35
5525,2025-05-11,Athletic Club,Alaves,1,0,H,50,35,26,46,61,35,D,D,W,W,L,D,W,L,D,W,35
5526,2025-05-11,Real Betis,Osasuna,1,1,D,52,42,42,50,57,44,W,L,W,W,W,W,L,W,D,D,35
5527,2025-05-13,Valladolid,Girona,0,1,A,26,41,85,53,16,38,L,L,L,W,L,D,L,L,L,L,36
5528,2025-05-13,Real Sociedad,Celta Vigo,0,1,A,32,55,41,54,43,49,L,W,D,L,L,W,D,L,L,L,36
5529,2025-05-13,Sevilla,Las Palmas,1,0,H,39,40,49,57,38,32,L,L,D,L,L,L,D,W,L,W,36
5530,2025-05-14,Villarreal,Leganes,3,0,H,61,35,47,53,61,34,W,W,W,D,W,D,L,D,D,L,36
5531,2025-05-14,Alaves,Valencia,1,0,H,35,43,47,51,35,45,L,W,D,W,W,D,D,D,L,W,36
5532,2025-05-14,Real Madrid,Mallorca,2,1,H,72,33,37,40,75,47,L,W,W,L,W,L,W,D,W,W,36
5533,2025-05-15,Osasuna,Atletico Madrid,2,0,H,43,60,51,27,45,70,D,W,L,D,W,W,W,L,W,W,36
5534,2025-05-15,Rayo Vallecano,Real Betis,2,2,D,37,53,42,43,47,58,W,D,W,W,L,W,D,W,L,L,36
5535,2025-05-15,Espanyol,Barcelona,0,2,A,38,95,47,36,39,82,L,W,L,W,L,W,D,W,W,W,36
5536,2025-05-15,Getafe,Athletic Club,0,2,A,31,51,34,26,39,64,L,W,L,D,L,W,L,L,L,W,36
