,Unnamed: 0,Date,HomeTeam,AwayTeam,FTHG,FTAG,FTR,HTHG,HTAG,HTGS,ATGS,HTGC,ATGC,HHGS,AHGS,HHGC,AHGC,HTP,ATP,HM1,AM1,HM2,AM2,HM3,AM3,HM4,AM4,HM5,AM5,MW
0,5996,2024-08-09,Groningen,NAC Breda,4,1,H,3,1,0,0,0,0,0,0,0,0,0,0,M,M,M,M,M,M,M,M,M,M,1
1,5997,2024-08-10,Feyenoord,Willem II,1,1,D,1,0,0,0,0,0,0,0,0,0,0,0,M,M,M,M,M,M,M,M,M,M,1
2,5998,2024-08-10,NEC Nijmegen,Twente,1,2,A,1,0,0,0,0,0,0,0,0,0,0,0,M,M,M,M,M,M,M,M,M,M,1
3,5999,2024-08-10,Almere City FC,AZ Alkmaar,0,1,A,0,0,0,0,0,0,0,0,0,0,0,0,M,M,M,M,M,M,M,M,M,M,1
4,6000,2024-08-10,PSV Eindhoven,Waalwijk,5,1,H,3,2,0,0,0,0,0,0,0,0,0,0,M,M,M,M,M,M,M,M,M,M,1
5,6001,2024-08-11,Sparta Rotterdam,Heracles,0,0,D,0,0,0,0,0,0,0,0,0,0,0,0,M,M,M,M,M,M,M,M,M,M,1
6,6002,2024-08-11,Utrecht,PEC Zwolle,1,0,H,1,0,0,0,0,0,0,0,0,0,0,0,M,M,M,M,M,M,M,M,M,M,1
7,6003,2024-08-11,GO Ahead Eagles,Fortuna Sittard,0,2,A,0,0,0,0,0,0,0,0,0,0,0,0,M,M,M,M,M,M,M,M,M,M,1
8,6004,2024-08-11,Ajax,Heerenveen,1,0,H,1,0,0,0,0,0,0,0,0,0,0,0,M,M,M,M,M,M,M,M,M,M,1
9,6005,2024-08-16,Fortuna Sittard,Almere City FC,3,0,H,1,2,2,0,0,1,0,0,0,0,3,0,M,M,M,M,M,M,M,M,M,M,2
10,6006,2024-08-17,Heerenveen,Utrecht,1,1,D,0,1,0,1,1,0,0,1,1,0,0,3,L,W,M,M,M,M,M,M,M,M,2
11,6007,2024-08-17,Twente,Sparta Rotterdam,1,1,D,0,1,2,0,1,0,0,0,1,0,3,1,W,D,M,M,M,M,M,M,M,M,2
12,6008,2024-08-17,AZ Alkmaar,NEC Nijmegen,1,0,H,1,0,1,1,0,2,0,1,0,0,3,0,W,L,M,M,M,M,M,M,M,M,2
13,6009,2024-08-17,Waalwijk,Groningen,1,2,A,0,1,1,4,5,1,2,3,3,1,0,3,L,W,M,M,M,M,M,M,M,M,2
14,6010,2024-08-18,Heracles,PSV Eindhoven,1,3,A,1,0,0,5,0,1,0,3,0,2,1,3,D,W,M,M,M,M,M,M,M,M,2
15,6011,2024-08-18,PEC Zwolle,Feyenoord,1,5,A,0,1,0,1,1,1,0,1,1,0,0,1,L,D,M,M,M,M,M,M,M,M,2
16,6012,2024-08-18,Willem II,GO Ahead Eagles,2,0,H,2,0,1,0,1,2,0,0,1,0,1,0,D,L,M,M,M,M,M,M,M,M,2
17,6013,2024-08-18,NAC Breda,Ajax,2,1,H,0,2,1,1,4,0,1,1,3,0,0,3,L,W,M,M,M,M,M,M,M,M,2
18,6014,2024-08-24,NEC Nijmegen,PEC Zwolle,1,0,H,0,1,1,1,3,6,1,0,1,2,0,0,L,L,M,M,M,M,M,M,M,M,3
19,6015,2024-08-24,Almere City FC,PSV Eindhoven,1,7,A,0,1,0,8,4,2,2,3,1,3,0,6,L,W,M,M,M,M,M,M,M,M,3
20,6016,2024-08-24,NAC Breda,Utrecht,1,2,A,1,0,3,2,5,1,1,2,5,0,3,4,W,D,L,W,M,M,M,M,M,M,3
21,6017,2024-08-25,Groningen,AZ Alkmaar,0,0,D,0,0,6,2,2,0,4,1,1,0,6,6,W,W,W,W,M,M,M,M,M,M,3
22,6018,2024-08-25,Heracles,Willem II,1,1,D,1,0,1,3,3,1,1,2,0,1,1,4,L,W,D,D,M,M,M,M,M,M,3
23,6019,2024-08-25,Sparta Rotterdam,Feyenoord,1,1,D,1,0,1,6,1,2,1,2,0,0,2,4,D,W,D,D,M,M,M,M,M,M,3
24,6020,2024-08-25,GO Ahead Eagles,Waalwijk,2,0,H,1,1,0,2,4,7,0,2,2,4,0,0,L,L,L,L,M,M,M,M,M,M,3
25,6021,2024-08-30,Waalwijk,AZ Alkmaar,0,3,A,0,0,2,2,7,0,2,1,4,0,0,6,L,W,L,W,M,M,M,M,M,M,3
26,6022,2024-08-31,Almere City FC,Groningen,1,1,D,1,0,0,6,4,2,2,4,1,1,0,6,L,W,L,W,M,M,M,M,M,M,3
27,6023,2024-08-31,Fortuna Sittard,NEC Nijmegen,0,3,A,0,0,5,2,3,3,1,1,2,2,6,3,L,W,W,L,M,M,M,M,M,M,4
28,6024,2024-08-31,Heerenveen,NAC Breda,4,0,H,0,4,5,4,2,7,0,2,6,5,4,3,W,L,D,W,M,M,M,M,M,M,4
29,6025,2024-08-31,Willem II,Sparta Rotterdam,1,2,A,0,1,4,2,2,2,2,2,2,0,5,3,D,D,W,D,M,M,M,M,M,M,4
30,6026,2024-09-01,Utrecht,Twente,2,1,H,1,1,4,4,2,4,2,1,1,3,7,4,W,L,D,D,W,W,M,M,M,M,4
31,6027,2024-09-01,PEC Zwolle,Heracles,3,0,H,1,2,1,2,7,4,1,2,2,0,0,2,L,D,L,L,L,D,M,M,M,M,4
32,6028,2024-09-01,PSV Eindhoven,GO Ahead Eagles,3,0,H,2,1,15,2,3,4,4,1,3,3,9,3,W,W,W,L,W,L,M,M,M,M,4
33,6029,2024-09-14,PSV Eindhoven,NEC Nijmegen,2,0,H,2,0,15,2,3,3,4,1,3,2,9,3,W,W,W,L,W,L,M,M,M,M,4
34,6030,2024-09-14,Twente,PEC Zwolle,1,1,D,0,1,4,1,4,7,1,1,3,2,4,0,L,L,D,L,W,L,M,M,M,M,4
35,6031,2024-09-14,Groningen,Feyenoord,2,2,D,0,2,6,7,2,3,4,2,1,1,7,5,D,D,W,W,W,D,M,M,M,M,4
36,6032,2024-09-14,NAC Breda,Fortuna Sittard,1,0,H,0,1,4,5,11,4,6,2,5,2,3,6,L,L,L,L,W,W,M,M,M,M,5
37,6033,2024-09-14,AZ Alkmaar,Heerenveen,9,1,H,2,7,5,6,0,11,1,7,0,8,10,4,W,L,D,W,W,D,M,M,M,M,5
38,6034,2024-09-15,Sparta Rotterdam,GO Ahead Eagles,1,2,A,0,1,4,2,3,7,3,2,0,5,6,3,W,L,D,W,D,L,M,M,M,M,5
39,6035,2024-09-15,Willem II,Waalwijk,3,0,H,2,1,5,2,4,12,2,3,3,5,5,0,L,L,D,L,W,L,M,M,M,M,5
40,6036,2024-09-15,Heracles,Almere City FC,0,0,D,0,0,2,2,7,12,4,3,1,2,2,1,L,D,D,L,L,L,D,L,M,M,5
41,6037,2024-09-17,Twente,Heerenveen,2,0,H,2,0,5,6,5,11,1,7,4,8,5,4,D,L,L,W,D,D,W,L,M,M,5
42,6038,2024-09-18,Ajax,Fortuna Sittard,5,0,H,2,3,8,5,3,4,6,2,3,2,7,6,D,L,W,L,L,W,W,W,M,M,5
43,6039,2024-09-20,PEC Zwolle,AZ Alkmaar,1,2,A,0,1,4,5,7,0,2,1,4,0,3,10,W,W,L,D,L,W,L,W,M,M,5
44,6040,2024-09-21,Utrecht,Willem II,3,2,H,2,1,6,5,3,4,3,2,2,3,10,5,W,L,W,D,D,W,W,D,M,M,5
45,6041,2024-09-21,Waalwijk,Sparta Rotterdam,1,2,A,0,1,2,5,15,5,4,3,7,1,0,6,L,L,L,W,L,D,L,D,M,M,6
46,6042,2024-09-21,GO Ahead Eagles,Ajax,1,1,D,0,1,4,10,8,3,3,6,5,3,6,10,W,W,L,D,W,W,L,L,M,M,6
47,6043,2024-09-21,NEC Nijmegen,Heracles,1,2,A,1,0,5,2,5,7,1,4,4,1,6,3,L,D,W,L,W,D,L,L,M,M,6
48,6044,2024-09-22,Heerenveen,Groningen,2,1,H,1,1,6,9,13,5,7,4,10,4,4,9,L,D,L,D,W,D,D,W,M,M,6
49,6045,2024-09-22,Feyenoord,NAC Breda,2,0,H,1,1,11,5,5,11,5,6,2,6,9,6,W,W,D,L,D,L,W,W,M,M,6
50,6046,2024-09-22,Almere City FC,Twente,0,5,A,0,0,2,7,12,5,3,3,2,4,2,8,D,W,D,D,L,L,L,D,L,W,6
51,6047,2024-09-22,Fortuna Sittard,PSV Eindhoven,1,3,A,1,0,5,20,9,3,5,8,4,4,6,15,L,W,L,W,L,W,W,W,W,W,6
52,6048,2024-09-27,Heracles,Heerenveen,2,1,H,1,1,2,6,7,13,4,7,1,10,3,4,D,L,L,L,D,W,L,D,D,L,6
53,6049,2024-09-28,Willem II,PSV Eindhoven,0,2,A,0,0,8,20,4,3,4,8,4,4,8,15,W,W,L,W,D,W,W,W,D,W,6
54,6050,2024-09-28,NEC Nijmegen,Feyenoord,1,1,D,1,0,6,12,7,6,2,5,4,3,6,10,L,D,L,W,W,D,W,D,L,W,7
55,6051,2024-09-28,Sparta Rotterdam,Fortuna Sittard,1,1,D,1,0,7,6,6,12,4,6,1,4,9,6,W,L,L,L,W,L,D,L,D,W,7
56,6052,2024-09-29,PEC Zwolle,Almere City FC,1,0,H,0,1,6,2,10,17,3,3,5,2,4,2,L,L,D,D,W,D,L,L,L,L,7
57,6053,2024-09-29,Groningen,GO Ahead Eagles,0,1,A,0,0,10,5,7,9,5,3,5,6,9,7,L,D,D,W,D,L,D,W,W,L,7
58,6054,2024-09-29,Twente,NAC Breda,1,0,H,0,1,12,5,5,13,3,7,4,7,11,6,W,L,W,W,D,L,L,L,D,W,7
59,6055,2024-09-29,Waalwijk,Ajax,0,2,A,0,0,3,13,17,4,4,7,8,5,0,13,L,W,L,W,L,D,L,W,L,L,7
60,6056,2024-09-29,AZ Alkmaar,Utrecht,1,2,A,1,0,16,11,2,6,4,5,7,4,16,16,W,W,W,W,W,W,D,W,W,D,7
61,6057,2024-10-04,Almere City FC,Willem II,0,1,A,0,0,2,10,17,7,3,5,2,6,2,8,L,L,D,W,D,L,L,D,L,W,7
62,6058,2024-10-05,NAC Breda,NEC Nijmegen,1,0,H,0,1,5,6,13,7,7,2,7,4,6,6,L,L,W,L,L,W,L,W,W,L,7
63,6059,2024-10-05,PSV Eindhoven,Sparta Rotterdam,2,1,H,2,0,25,8,4,7,8,5,5,1,21,10,W,D,W,W,W,L,W,W,W,D,8
64,6060,2024-10-05,Utrecht,Waalwijk,3,2,H,1,2,14,3,8,19,6,4,6,8,19,0,W,L,W,L,W,L,W,L,W,L,8
65,6061,2024-10-06,GO Ahead Eagles,Heracles,4,1,H,0,4,6,6,9,9,3,5,6,3,10,9,W,W,D,W,W,D,L,L,W,D,8
66,6062,2024-10-06,Feyenoord,Twente,2,1,H,2,0,14,13,7,5,7,3,3,5,13,14,W,W,D,W,W,W,D,D,D,L,8
67,6063,2024-10-06,Heerenveen,PEC Zwolle,1,1,D,1,0,9,7,16,10,9,3,12,6,7,7,L,W,W,L,L,D,L,W,W,L,8
68,6064,2024-10-06,Ajax,Groningen,3,1,H,1,2,17,10,7,8,8,5,7,5,16,9,W,L,W,L,W,D,D,D,W,D,8
69,6065,2024-10-06,Fortuna Sittard,AZ Alkmaar,1,0,H,0,1,7,17,13,4,6,5,5,7,7,16,D,L,L,W,L,W,L,W,L,D,8
70,6066,2024-10-19,Sparta Rotterdam,Almere City FC,2,2,D,0,2,8,2,7,18,5,4,1,2,10,2,D,L,W,L,L,D,W,D,D,L,8
71,6067,2024-10-19,AZ Alkmaar,PSV Eindhoven,1,2,A,0,1,17,25,4,4,5,8,7,5,16,21,L,W,W,W,W,W,W,W,D,W,8
72,6068,2024-10-19,NEC Nijmegen,Heerenveen,3,0,H,1,2,7,10,9,17,4,10,4,12,7,8,L,D,D,L,L,W,L,L,W,L,9
73,6069,2024-10-19,Waalwijk,Twente,2,2,D,1,1,5,14,22,7,6,3,9,7,0,14,L,L,L,W,L,W,L,W,L,D,9
74,6070,2024-10-19,GO Ahead Eagles,Feyenoord,1,5,A,0,1,10,19,10,8,3,8,10,3,13,16,W,W,W,W,D,D,W,W,L,D,9
75,6071,2024-10-20,Willem II,Fortuna Sittard,0,0,D,0,0,11,8,9,13,5,6,6,6,11,10,W,W,L,D,L,L,W,L,L,L,9
76,6072,2024-10-20,Groningen,Utrecht,0,1,A,0,0,11,15,11,8,7,6,6,6,9,22,L,W,L,W,L,W,D,W,D,W,9
77,6073,2024-10-20,Heracles,Ajax,3,4,A,2,1,7,18,13,7,9,9,3,7,9,19,L,W,W,W,W,W,D,W,L,D,9
78,6074,2024-10-20,PEC Zwolle,NAC Breda,1,2,A,0,1,8,6,11,14,3,8,7,8,8,9,D,W,W,L,L,L,D,W,W,L,9
79,6075,2024-10-25,Almere City FC,NEC Nijmegen,1,0,H,0,1,2,7,19,9,4,4,2,4,2,7,L,L,L,D,L,L,D,L,D,W,9
80,6076,2024-10-26,Fortuna Sittard,Groningen,1,0,H,0,1,8,11,13,11,6,7,6,6,10,9,W,L,D,L,L,L,L,D,L,D,9
81,6077,2024-10-26,PSV Eindhoven,PEC Zwolle,6,0,H,2,4,29,9,6,13,11,3,5,8,27,8,W,L,W,D,W,W,W,L,W,D,10
82,6078,2024-10-26,NAC Breda,Waalwijk,4,1,H,2,2,8,7,15,24,9,7,8,10,12,1,W,D,W,L,L,L,L,L,W,L,10
83,6079,2024-10-26,Heerenveen,Sparta Rotterdam,2,0,H,1,1,10,11,20,11,12,5,13,5,8,11,L,D,D,L,L,D,W,W,L,L,10
84,6080,2024-10-27,Utrecht,Feyenoord,0,2,A,0,0,15,21,10,8,6,8,6,3,22,19,L,W,W,W,W,W,W,D,W,W,10
85,6081,2024-10-27,Twente,Heracles,5,0,H,2,3,16,10,9,17,4,11,8,4,15,9,D,L,L,L,W,W,W,W,W,D,10
86,6082,2024-10-27,Ajax,Willem II,1,0,H,1,0,20,11,7,9,9,5,7,6,22,12,W,D,W,W,W,L,W,L,W,W,10
87,6083,2024-10-27,AZ Alkmaar,GO Ahead Eagles,2,2,D,1,1,18,11,7,15,6,3,8,11,16,13,L,L,L,W,L,W,W,D,W,W,10
88,6084,2024-10-30,Feyenoord,Ajax,0,2,A,0,0,21,20,8,7,8,9,3,7,19,22,W,W,W,W,W,W,D,W,W,W,10
89,6085,2024-11-02,Willem II,Twente,0,1,A,0,0,11,16,9,9,5,4,6,8,12,15,D,D,W,L,L,W,L,W,W,W,10
90,6086,2024-11-02,Ajax,PSV Eindhoven,3,2,H,1,2,23,35,9,6,10,13,9,9,25,30,W,W,W,W,W,W,W,W,W,W,11
91,6087,2024-11-02,Heracles,NAC Breda,2,0,H,1,1,10,12,22,16,14,11,6,10,9,15,L,W,L,W,L,W,W,L,W,L,11
92,6088,2024-11-02,Fortuna Sittard,Heerenveen,3,0,H,1,2,9,12,13,20,6,13,7,14,14,11,W,W,D,L,W,D,D,L,L,W,11
93,6089,2024-11-02,Feyenoord,AZ Alkmaar,3,2,H,0,3,21,20,10,9,8,7,3,9,19,17,L,D,W,L,W,L,W,L,D,W,11
94,6090,2024-11-03,GO Ahead Eagles,PEC Zwolle,2,2,D,0,2,13,9,17,19,4,7,12,10,14,8,D,L,L,L,W,D,W,W,D,L,11
95,6091,2024-11-03,NEC Nijmegen,Groningen,6,0,H,3,3,10,11,10,13,6,8,6,6,10,9,L,L,W,L,L,L,D,L,L,L,11
96,6092,2024-11-03,Sparta Rotterdam,Utrecht,1,4,A,0,1,11,19,13,11,6,7,6,6,11,25,L,W,D,L,L,W,D,W,W,W,11
97,6093,2024-11-03,Waalwijk,Almere City FC,2,0,H,1,1,8,5,28,21,9,6,12,3,1,6,L,W,D,D,L,L,L,L,L,L,11
98,6094,2024-11-08,Utrecht,Heracles,1,0,H,0,1,19,10,11,22,7,14,6,6,25,9,W,L,L,L,W,L,W,W,W,W,11
99,6095,2024-11-09,Groningen,Sparta Rotterdam,1,0,H,1,0,11,12,19,17,11,6,9,7,9,11,L,L,L,L,L,D,L,L,L,D,12
100,6096,2024-11-09,PEC Zwolle,Fortuna Sittard,3,1,H,0,3,11,12,21,13,9,7,10,9,9,17,D,W,L,W,L,D,D,W,W,D,12
101,6097,2024-11-09,NAC Breda,PSV Eindhoven,0,3,A,0,0,12,37,18,9,12,15,11,10,15,30,L,L,W,W,W,W,W,W,L,W,12
102,6098,2024-11-09,Waalwijk,NEC Nijmegen,0,3,A,0,0,10,16,28,10,10,9,13,9,4,13,W,W,L,L,D,W,L,L,L,D,12
103,6099,2024-11-10,Almere City FC,Feyenoord,1,4,A,1,0,5,24,23,12,7,8,4,6,6,22,L,W,W,L,D,W,L,W,L,W,12
104,6100,2024-11-10,Heerenveen,GO Ahead Eagles,1,0,H,1,0,12,15,23,19,15,4,15,14,11,15,L,D,W,D,L,L,D,W,L,W,12
105,6101,2024-11-10,Twente,Ajax,2,2,D,1,1,22,25,9,11,6,11,11,10,21,26,W,D,W,W,D,W,L,W,W,W,12
106,6102,2024-11-10,AZ Alkmaar,Willem II,1,2,A,0,1,22,11,12,11,10,5,9,7,17,12,L,L,D,L,L,D,L,W,L,L,12
107,6103,2024-11-23,GO Ahead Eagles,Almere City FC,3,0,H,2,1,15,5,19,23,4,7,14,4,15,6,D,L,D,W,L,D,W,L,W,L,12
108,6104,2024-11-23,Heracles,Waalwijk,2,2,D,1,1,12,10,23,31,16,10,7,13,12,4,L,L,W,W,L,L,L,D,L,L,13
109,6105,2024-11-23,Feyenoord,Heerenveen,3,0,H,2,1,28,13,13,23,8,16,7,15,25,14,W,W,W,L,L,W,W,L,W,D,13
110,6106,2024-11-23,PSV Eindhoven,Groningen,5,0,H,2,3,40,12,9,19,15,12,10,9,33,12,W,W,L,L,W,L,W,L,W,L,13
111,6107,2024-11-23,Fortuna Sittard,Twente,1,2,A,0,1,13,24,16,11,10,7,9,12,17,22,L,D,W,W,W,W,D,D,W,L,13
112,6108,2024-11-24,NEC Nijmegen,Utrecht,1,2,A,0,1,19,22,10,12,9,8,9,7,16,31,W,W,W,W,L,W,W,L,L,W,13
113,6109,2024-11-24,Willem II,NAC Breda,2,2,D,0,2,13,12,12,21,6,12,7,11,15,15,W,L,L,L,L,W,D,W,W,W,13
114,6110,2024-11-24,Sparta Rotterdam,AZ Alkmaar,1,2,A,1,0,12,23,18,14,6,10,8,10,11,17,L,L,L,L,L,D,D,L,L,L,13
115,6111,2024-11-24,Ajax,PEC Zwolle,2,0,H,1,1,27,14,11,22,12,9,11,13,29,12,W,W,D,D,W,L,W,L,W,D,13
116,6112,2024-11-29,Heerenveen,Waalwijk,1,1,D,1,0,13,10,23,31,16,10,15,13,14,4,W,L,L,W,W,L,L,D,D,L,13
117,6113,2024-11-30,NAC Breda,Almere City FC,1,0,H,1,0,14,6,23,30,14,9,11,6,16,6,D,L,L,L,L,L,W,W,W,D,14
118,6114,2024-11-30,Groningen,Willem II,2,0,H,1,1,12,15,24,14,15,6,11,9,12,16,L,D,W,W,L,L,L,L,L,D,14
119,6115,2024-11-30,Feyenoord,Fortuna Sittard,1,1,D,0,1,31,14,13,18,10,10,8,10,28,17,W,L,W,L,W,W,L,W,W,D,14
120,6116,2024-11-30,PEC Zwolle,Sparta Rotterdam,1,0,H,0,1,14,13,24,20,10,7,14,8,12,11,L,L,W,L,D,L,L,L,L,D,14
121,6117,2024-12-01,Utrecht,PSV Eindhoven,2,5,A,1,1,24,45,17,9,9,17,8,13,31,36,L,W,W,W,W,L,W,W,L,W,14
122,6118,2024-12-01,AZ Alkmaar,Heracles,1,0,H,0,1,25,14,15,25,10,17,11,8,20,13,W,D,L,L,L,W,D,L,L,L,14
123,6119,2024-12-01,Twente,GO Ahead Eagles,3,2,H,1,2,26,18,12,20,8,6,12,16,25,18,W,W,D,L,W,D,W,D,D,L,14
124,6120,2024-12-01,NEC Nijmegen,Ajax,1,2,A,1,0,20,29,12,12,9,12,10,12,16,32,L,W,W,W,W,D,L,W,W,W,14
125,6121,2024-12-04,Ajax,Utrecht,2,2,D,2,0,29,24,12,17,12,9,12,8,32,31,W,L,W,W,D,W,W,W,W,L,14
126,6122,2024-12-06,PSV Eindhoven,Twente,6,1,H,3,3,50,29,11,14,18,9,14,14,39,28,W,W,W,W,W,D,L,W,W,W,15
127,6123,2024-12-07,GO Ahead Eagles,NEC Nijmegen,5,0,H,4,1,20,21,23,14,8,10,17,10,18,16,L,L,W,L,L,W,D,W,D,L,15
128,6124,2024-12-07,Sparta Rotterdam,NAC Breda,0,2,A,0,0,13,15,21,23,8,15,8,11,11,19,L,W,L,D,L,L,L,L,L,W,15
129,6125,2024-12-07,Waalwijk,Feyenoord,2,3,A,1,1,13,32,34,14,11,10,15,9,6,29,D,D,D,W,L,W,W,W,L,L,15
130,6126,2024-12-07,Heracles,Fortuna Sittard,2,2,D,1,1,14,15,26,19,18,11,8,10,13,18,L,D,D,L,L,L,W,W,L,W,15
131,6127,2024-12-08,Groningen,PEC Zwolle,0,0,D,0,0,14,15,24,24,16,10,12,15,15,15,W,W,L,L,W,W,L,D,L,L,15
132,6128,2024-12-08,Willem II,Heerenveen,1,2,A,0,1,15,14,16,27,7,18,10,17,16,15,L,D,D,L,W,W,L,L,L,W,15
133,6129,2024-12-08,AZ Alkmaar,Ajax,2,1,H,0,2,26,31,15,14,10,14,12,12,23,33,W,D,W,W,L,W,L,D,D,W,15
134,6130,2024-12-08,Almere City FC,Utrecht,1,3,A,0,1,6,26,31,19,9,9,7,10,6,32,L,D,L,L,L,W,L,W,W,W,15
135,6131,2024-12-13,PEC Zwolle,Willem II,0,1,A,0,0,15,16,24,18,10,7,15,11,16,16,D,L,W,L,L,D,W,W,D,L,16
136,6132,2024-12-14,Heerenveen,PSV Eindhoven,1,0,H,0,1,16,56,28,12,19,21,17,17,18,42,W,W,D,W,L,W,W,W,L,L,16
137,6133,2024-12-14,Fortuna Sittard,Waalwijk,3,2,H,3,0,17,15,21,37,12,12,11,16,19,6,D,L,D,D,L,D,L,L,W,W,16
138,6134,2024-12-14,Feyenoord,Heracles,5,2,H,3,2,35,16,16,28,11,19,10,9,32,14,W,D,D,L,W,D,W,L,W,W,16
139,6135,2024-12-15,Utrecht,GO Ahead Eagles,3,3,D,1,2,29,25,20,23,10,12,10,18,35,21,W,W,D,L,L,W,W,L,W,D,16
140,6136,2024-12-15,NEC Nijmegen,Sparta Rotterdam,1,1,D,0,1,21,13,19,23,11,8,14,8,16,11,L,L,L,L,L,L,W,L,W,L,16
141,6137,2024-12-15,Twente,Groningen,2,0,H,1,1,30,14,20,24,12,16,17,12,28,16,L,D,W,W,W,L,D,W,W,L,16
142,6138,2024-12-15,Ajax,Almere City FC,3,0,H,2,1,32,7,16,34,16,9,12,8,33,6,L,L,D,L,W,L,W,L,D,L,16
143,6139,2024-12-15,NAC Breda,AZ Alkmaar,1,2,A,1,0,17,28,23,16,15,10,11,14,22,26,W,W,W,W,D,W,L,L,L,L,16
144,6140,2024-12-20,Waalwijk,PEC Zwolle,1,1,D,1,0,17,15,40,25,12,10,19,15,6,16,L,L,L,D,D,W,D,L,L,W,17
145,6141,2024-12-21,GO Ahead Eagles,NAC Breda,2,1,H,0,2,28,18,26,25,14,16,19,11,22,22,D,L,W,W,L,W,W,D,L,L,17
146,6142,2024-12-21,Almere City FC,Heerenveen,3,0,H,0,3,7,17,37,28,10,19,10,18,6,21,L,W,L,W,L,D,L,L,L,W,17
147,6143,2024-12-21,AZ Alkmaar,Twente,1,0,H,0,1,30,32,17,20,10,13,15,18,29,31,W,W,W,L,W,W,W,W,L,D,17
148,6144,2024-12-22,Sparta Rotterdam,Ajax,0,2,A,0,0,14,35,24,16,9,18,8,13,12,36,D,W,L,L,L,D,L,W,L,W,17
149,6145,2024-12-22,PSV Eindhoven,Feyenoord,3,0,H,2,1,56,40,13,18,22,14,17,12,42,35,L,W,W,W,W,D,W,W,W,W,17
150,6146,2024-12-22,Utrecht,Fortuna Sittard,2,5,A,1,1,32,20,23,23,11,15,12,11,36,22,D,W,W,D,D,D,L,L,W,L,17
151,6147,2024-12-22,Willem II,NEC Nijmegen,4,1,H,2,2,17,22,18,20,7,11,11,15,19,17,W,D,L,L,L,L,D,L,W,W,17
152,6148,2025-01-10,Fortuna Sittard,GO Ahead Eagles,0,3,A,0,0,20,28,23,26,15,14,11,19,22,22,W,D,D,W,D,L,L,W,L,L,17
153,6149,2025-01-11,Heracles,Sparta Rotterdam,1,1,D,0,1,19,14,34,26,21,9,13,8,15,12,D,L,L,D,D,L,L,L,D,L,18
154,6150,2025-01-11,Ajax,Waalwijk,2,1,H,2,0,37,18,16,41,18,13,13,19,39,7,W,D,W,L,L,L,D,D,W,D,18
155,6151,2025-01-11,PEC Zwolle,NEC Nijmegen,0,1,A,0,0,16,23,26,24,10,13,16,17,17,17,D,L,L,D,D,L,W,L,L,L,18
156,6152,2025-01-11,PSV Eindhoven,AZ Alkmaar,2,2,D,0,2,59,31,13,17,24,10,18,16,45,32,W,W,L,W,W,W,W,W,W,W,18
157,6153,2025-01-12,Twente,Willem II,6,2,H,2,4,32,21,21,19,14,9,18,13,31,22,L,W,W,W,L,L,W,L,W,D,18
158,6154,2025-01-12,Groningen,Almere City FC,0,0,D,0,0,14,10,26,37,17,10,13,13,17,9,D,W,L,L,D,L,W,L,L,L,18
159,6155,2025-01-12,Feyenoord,Utrecht,1,2,A,0,1,40,34,21,28,15,12,14,13,35,36,L,L,W,D,W,W,D,D,W,L,18
160,6156,2025-01-12,NAC Breda,Heerenveen,2,4,A,1,1,19,17,27,31,18,22,11,18,22,21,L,L,L,W,W,W,W,D,D,L,18
161,6157,2025-01-18,PEC Zwolle,PSV Eindhoven,3,1,H,2,1,16,59,26,13,10,24,16,18,17,45,D,W,L,L,D,W,W,W,L,W,18
162,6158,2025-01-18,Utrecht,AZ Alkmaar,0,0,D,0,0,36,33,29,19,13,12,13,16,39,33,W,D,L,W,D,W,W,W,D,W,19
163,6159,2025-01-18,Willem II,Feyenoord,1,1,D,0,1,23,41,25,23,13,15,15,15,22,35,L,L,W,L,W,W,L,W,L,D,19
164,6160,2025-01-18,GO Ahead Eagles,Groningen,2,1,H,1,1,33,15,27,28,14,18,21,14,28,17,W,L,W,D,D,L,W,D,L,W,19
165,6161,2025-01-19,NAC Breda,Twente,2,1,H,2,0,21,38,31,23,19,16,12,22,22,34,L,W,L,L,L,W,W,L,W,W,19
166,6162,2025-01-19,Heerenveen,Ajax,0,2,A,0,0,21,39,33,17,23,20,19,13,24,42,W,W,L,W,W,W,W,L,D,D,19
167,6163,2025-01-19,Almere City FC,Heracles,0,2,A,0,0,10,21,37,34,10,21,13,13,10,18,D,W,W,D,L,L,L,D,L,L,19
168,6164,2025-01-19,NEC Nijmegen,Fortuna Sittard,4,1,H,1,3,24,25,24,28,13,16,17,12,20,25,W,L,L,W,D,W,L,D,L,D,19
169,6165,2025-01-19,Sparta Rotterdam,Waalwijk,1,1,D,1,0,15,19,27,43,10,13,8,21,13,7,D,L,L,D,D,L,L,L,L,D,19
170,6166,2025-01-24,Heracles,Utrecht,1,1,D,0,1,21,36,34,29,21,13,13,13,18,39,W,W,D,L,L,D,D,W,L,D,19
171,6167,2025-01-25,PSV Eindhoven,NAC Breda,3,2,H,2,1,62,23,18,32,25,21,22,12,46,25,L,W,D,L,W,L,L,L,W,W,20
172,6168,2025-01-25,Groningen,Heerenveen,1,0,H,0,1,16,21,28,35,18,23,15,19,20,24,W,L,L,W,D,L,L,W,D,W,20
173,6169,2025-01-26,Fortuna Sittard,PEC Zwolle,1,4,A,0,1,26,19,32,28,19,12,13,17,25,20,L,W,L,L,W,D,W,L,D,D,20
174,6170,2025-01-26,Waalwijk,Willem II,2,0,H,1,1,20,24,44,26,13,13,22,16,8,23,D,D,L,L,D,W,L,W,L,L,20
175,6171,2025-01-26,AZ Alkmaar,Sparta Rotterdam,1,2,A,0,1,33,16,19,28,12,11,16,8,34,14,D,D,D,D,W,L,W,D,W,L,20
176,6172,2025-01-28,Heracles,Groningen,1,1,D,1,0,22,16,35,28,21,18,14,15,19,20,D,W,W,L,D,D,L,L,D,D,20
177,6173,2025-01-31,NAC Breda,Heracles,1,1,D,1,0,23,22,32,35,21,21,12,14,25,19,W,D,L,W,L,D,L,L,W,D,20
178,6174,2025-02-01,PEC Zwolle,Utrecht,3,3,D,2,1,19,36,28,29,12,13,17,13,20,40,W,D,L,W,D,L,L,D,D,W,20
179,6175,2025-02-01,Heerenveen,Fortuna Sittard,2,2,D,1,1,21,26,35,32,23,19,19,13,24,25,L,L,W,L,L,W,W,W,W,D,20
180,6176,2025-02-01,NEC Nijmegen,PSV Eindhoven,3,3,D,0,3,31,65,28,20,14,27,23,23,24,49,D,W,W,L,W,D,L,W,D,L,21
181,6177,2025-02-02,Almere City FC,Waalwijk,1,4,A,1,0,11,22,43,44,11,14,13,23,10,11,L,W,L,D,D,L,W,D,L,L,21
182,6178,2025-02-02,Ajax,Feyenoord,2,1,H,1,1,43,43,18,26,21,17,14,16,48,36,W,L,W,D,W,L,W,L,W,W,21
183,6179,2025-02-02,GO Ahead Eagles,Twente,2,2,D,1,1,37,41,30,27,16,17,23,25,32,35,D,D,W,L,W,W,W,L,D,W,21
184,6180,2025-02-02,Sparta Rotterdam,Groningen,1,0,H,0,1,18,17,29,29,12,18,8,16,17,21,W,D,D,W,D,L,L,D,D,L,21
185,6181,2025-02-02,Willem II,AZ Alkmaar,0,2,A,0,0,24,34,28,21,14,12,17,17,23,34,L,L,D,D,L,D,W,W,W,W,21
186,6182,2025-02-08,Heracles,GO Ahead Eagles,4,2,H,1,3,23,37,36,30,22,16,14,23,20,32,D,D,D,W,W,W,D,W,L,D,21
187,6183,2025-02-08,PSV Eindhoven,Willem II,1,1,D,0,1,65,24,20,28,27,14,23,17,49,23,W,L,L,D,D,L,W,W,L,W,21
188,6184,2025-02-08,Groningen,NEC Nijmegen,2,1,H,2,0,17,31,29,28,18,14,16,23,21,24,D,D,W,W,L,W,D,L,L,D,21
189,6185,2025-02-08,Feyenoord,Sparta Rotterdam,3,0,H,1,2,46,19,26,29,18,12,18,9,39,20,W,W,L,W,D,D,L,D,L,L,22
190,6186,2025-02-09,Utrecht,Almere City FC,0,1,A,0,0,40,12,33,43,15,11,15,13,42,13,D,W,D,L,D,L,W,D,L,W,22
191,6187,2025-02-09,Fortuna Sittard,Ajax,0,2,A,0,0,29,45,38,18,20,21,15,14,26,51,D,W,L,W,L,W,L,W,W,W,22
192,6188,2025-02-09,Waalwijk,NAC Breda,5,0,H,3,2,26,26,45,36,14,23,24,14,14,26,W,D,W,L,D,W,L,L,D,L,22
193,6189,2025-02-09,AZ Alkmaar,PEC Zwolle,2,0,H,1,1,36,26,21,32,12,15,17,18,37,24,W,D,L,W,D,W,D,L,W,D,22
194,6190,2025-02-09,Heerenveen,Twente,3,3,D,1,2,23,44,38,30,25,19,20,26,25,36,D,D,L,D,L,L,W,W,L,L,22
195,6191,2025-02-14,GO Ahead Eagles,Sparta Rotterdam,1,0,H,1,0,39,19,34,29,19,12,24,9,32,20,L,W,D,W,W,D,W,D,W,L,22
196,6192,2025-02-15,PSV Eindhoven,Utrecht,2,2,D,1,1,68,40,23,33,30,15,23,15,50,42,D,D,W,D,L,D,D,W,W,L,22
197,6193,2025-02-15,NAC Breda,Feyenoord,0,0,D,0,0,26,46,36,26,23,18,14,18,26,39,D,W,L,L,W,D,L,L,L,L,22
198,6194,2025-02-15,Willem II,Groningen,1,3,A,0,1,25,19,31,31,15,21,17,16,24,24,D,W,L,L,L,D,D,W,L,L,23
199,6195,2025-02-16,NEC Nijmegen,Almere City FC,2,2,D,1,1,34,14,32,45,15,12,26,14,25,14,D,D,L,W,D,L,W,L,W,D,23
200,6196,2025-02-16,PEC Zwolle,Heerenveen,1,1,D,1,0,26,26,34,41,16,26,19,22,24,26,L,D,D,D,W,L,W,L,L,W,23
201,6197,2025-02-16,Twente,Waalwijk,2,0,H,1,1,46,31,30,45,20,17,27,26,39,17,W,W,D,W,D,W,L,D,W,L,23
202,6198,2025-02-16,Ajax,Heracles,4,0,H,2,2,49,28,18,39,23,23,16,18,54,24,W,W,W,D,W,D,W,D,W,W,23
203,6199,2025-02-22,Feyenoord,Almere City FC,2,1,H,1,1,46,14,26,45,18,12,18,14,40,14,D,D,W,W,L,L,D,L,L,D,23
204,6200,2025-02-23,Ajax,GO Ahead Eagles,2,0,H,0,2,49,40,18,34,23,20,16,24,54,35,W,W,W,L,W,D,W,W,W,W,23
205,6201,2025-02-23,Twente,NEC Nijmegen,2,0,H,1,1,46,34,30,32,20,15,27,26,39,25,W,D,D,L,D,D,L,W,W,W,23
206,6202,2025-02-23,AZ Alkmaar,Fortuna Sittard,1,0,H,0,1,38,29,21,40,13,20,18,15,40,26,W,L,W,D,L,L,D,L,D,L,23
207,6203,2025-02-28,Waalwijk,Fortuna Sittard,1,2,A,0,1,31,29,47,41,18,21,27,15,17,26,L,L,W,L,W,D,W,L,D,L,24
208,6204,2025-03-01,Utrecht,NAC Breda,1,0,H,0,1,42,26,36,41,16,25,16,17,43,27,D,D,L,L,D,D,D,L,D,W,24
209,6205,2025-03-01,GO Ahead Eagles,PSV Eindhoven,3,2,H,1,2,40,71,36,26,22,31,24,25,35,52,L,D,W,D,L,D,D,W,W,L,24
210,6206,2025-03-01,Groningen,Twente,1,1,D,1,0,22,48,32,30,22,21,16,28,27,42,W,W,W,W,L,D,D,D,W,L,24
211,6207,2025-03-01,Feyenoord,NEC Nijmegen,0,0,D,0,0,48,34,27,34,19,16,19,27,43,25,W,L,D,D,W,L,L,D,D,W,24
212,6208,2025-03-02,Heerenveen,AZ Alkmaar,3,1,H,1,2,27,39,42,21,26,13,23,19,27,43,D,W,D,W,D,W,L,L,L,D,24
213,6209,2025-03-02,Heracles,PEC Zwolle,4,2,H,2,2,28,27,43,35,25,17,20,19,24,25,L,D,W,L,D,D,D,W,D,W,24
214,6210,2025-03-02,Almere City FC,Ajax,0,1,A,0,0,15,51,47,18,13,23,15,18,14,57,L,W,D,W,W,W,L,W,L,W,24
215,6211,2025-03-02,Sparta Rotterdam,Willem II,4,0,H,1,3,19,26,33,34,14,15,11,18,20,24,L,L,L,D,W,L,W,L,D,D,24
216,6212,2025-03-07,NAC Breda,Sparta Rotterdam,1,1,D,0,1,26,23,42,33,26,15,17,14,27,23,L,W,D,L,L,L,D,W,L,W,25
217,6213,2025-03-08,Fortuna Sittard,Heracles,1,0,H,0,1,31,32,42,45,22,27,15,22,29,27,W,W,L,L,L,W,D,D,L,D,25
218,6214,2025-03-08,PSV Eindhoven,Heerenveen,2,1,H,1,1,73,30,29,43,33,27,26,25,52,30,L,W,D,D,D,D,D,D,W,L,25
219,6215,2025-03-09,Willem II,Utrecht,2,3,A,1,1,26,43,38,36,18,16,19,17,24,46,L,W,L,D,D,L,L,D,L,D,25
220,6216,2025-03-09,PEC Zwolle,Ajax,0,1,A,0,0,29,52,39,18,19,23,21,18,25,60,L,W,D,W,L,W,D,W,W,W,25
221,6217,2025-03-09,NEC Nijmegen,GO Ahead Eagles,2,3,A,0,2,34,43,34,38,16,23,27,26,26,38,D,W,L,L,D,W,L,L,D,D,25
222,6218,2025-03-09,Twente,Almere City FC,1,0,H,1,0,49,15,31,48,21,13,29,15,43,14,D,L,W,L,W,D,D,W,D,L,25
223,6219,2025-03-14,Almere City FC,NAC Breda,1,1,D,1,0,15,26,48,42,13,26,15,17,14,27,L,L,L,D,D,L,W,D,L,L,25
224,6220,2025-03-15,Utrecht,NEC Nijmegen,0,1,A,0,0,43,34,36,34,16,16,17,27,46,26,W,D,D,L,L,D,D,L,D,D,25
225,6221,2025-03-15,Sparta Rotterdam,PEC Zwolle,1,1,D,0,1,24,29,34,40,16,19,14,21,24,25,D,L,W,L,L,D,L,L,W,D,26
226,6222,2025-03-15,Waalwijk,PSV Eindhoven,0,3,A,0,0,32,75,52,30,18,34,28,27,17,55,L,W,L,L,L,D,W,D,W,D,26
227,6223,2025-03-15,Heerenveen,Heracles,1,1,D,1,0,31,32,45,46,28,28,26,22,30,27,L,L,W,W,D,L,D,W,D,D,26
228,6224,2025-03-16,GO Ahead Eagles,Willem II,1,0,H,0,1,46,28,40,41,25,19,26,20,41,24,W,L,W,L,L,L,W,D,L,L,26
229,6225,2025-03-16,Groningen,Fortuna Sittard,1,0,H,0,1,24,32,33,42,23,22,17,16,31,32,W,W,D,W,W,L,W,L,L,D,26
230,6226,2025-03-16,Twente,Feyenoord,2,6,A,1,1,50,54,31,29,22,20,29,20,46,47,W,W,D,D,W,W,W,D,D,W,26
231,6227,2025-03-16,Ajax,AZ Alkmaar,2,2,D,0,2,53,42,18,26,23,17,18,20,63,44,W,D,W,L,W,W,W,W,W,W,26
232,6228,2025-03-29,NAC Breda,Groningen,1,1,D,0,1,27,24,43,33,26,23,18,17,28,31,D,W,L,D,D,W,L,W,D,L,26
233,6229,2025-03-29,Willem II,Almere City FC,0,2,A,0,0,28,15,41,49,19,13,20,16,24,14,L,L,L,L,L,L,D,D,L,W,26
234,6230,2025-03-29,Fortuna Sittard,Sparta Rotterdam,0,3,A,0,0,32,25,43,35,23,16,16,15,32,25,L,D,W,D,W,W,L,L,L,L,27
235,6231,2025-03-29,PEC Zwolle,Waalwijk,2,0,H,0,2,30,32,41,54,20,20,21,28,26,17,D,L,L,L,L,L,D,L,L,W,27
236,6232,2025-03-29,NEC Nijmegen,AZ Alkmaar,3,3,D,1,2,37,45,37,29,16,19,29,21,29,45,W,D,L,D,D,L,L,W,D,W,27
237,6233,2025-03-30,Utrecht,Heerenveen,2,0,H,1,1,46,32,39,46,17,29,18,26,49,31,L,D,W,L,W,W,D,D,L,D,27
238,6234,2025-03-30,PSV Eindhoven,Ajax,0,2,A,0,0,78,55,30,20,34,23,27,20,58,64,W,D,W,W,L,W,D,W,D,W,27
239,6235,2025-03-30,Heracles,Twente,2,1,H,1,1,33,52,47,37,28,23,23,30,28,46,D,L,L,W,W,D,L,W,W,W,27
240,6236,2025-03-30,Feyenoord,GO Ahead Eagles,3,2,H,1,2,57,47,31,40,21,25,22,27,50,44,W,W,W,W,D,W,W,L,D,W,27
241,6237,2025-04-01,AZ Alkmaar,Waalwijk,2,2,D,1,1,45,32,29,54,19,20,21,28,45,17,D,L,D,L,L,L,W,L,W,W,27
242,6238,2025-04-02,Feyenoord,Groningen,4,1,H,2,2,57,25,31,34,21,24,22,17,50,32,W,D,W,W,D,D,W,W,D,W,27
243,6239,2025-04-04,Heerenveen,Willem II,3,1,H,2,1,32,28,48,44,30,20,27,20,31,24,L,L,D,L,L,L,W,L,D,L,28
244,6240,2025-04-05,AZ Alkmaar,Feyenoord,0,1,A,0,0,47,61,31,32,20,23,22,24,46,53,D,W,D,W,D,W,L,D,W,W,28
245,6241,2025-04-05,Twente,Fortuna Sittard,1,1,D,1,0,53,32,39,46,24,23,31,16,46,32,L,L,L,L,W,W,D,W,W,L,28
246,6242,2025-04-05,Groningen,PSV Eindhoven,1,3,A,1,0,26,78,38,32,26,34,19,27,32,58,L,L,D,W,W,W,D,L,W,D,28
247,6243,2025-04-05,Almere City FC,PEC Zwolle,2,2,D,0,2,18,32,50,41,14,20,16,23,18,29,W,W,D,D,L,L,L,L,L,D,28
248,6244,2025-04-06,Waalwijk,Heracles,0,0,D,0,0,34,35,56,48,21,29,29,24,18,31,D,W,L,D,L,L,L,W,L,L,28
249,6245,2025-04-06,GO Ahead Eagles,Utrecht,2,2,D,2,0,49,48,43,39,27,18,28,19,44,52,L,W,W,L,W,W,W,W,L,D,28
250,6246,2025-04-06,Sparta Rotterdam,NEC Nijmegen,2,0,H,1,1,28,40,35,40,16,17,15,31,28,30,W,D,D,W,D,L,W,D,L,L,28
251,6247,2025-04-06,Ajax,NAC Breda,3,1,H,2,1,57,29,20,45,23,26,20,20,67,30,W,D,D,D,W,D,W,L,W,D,28
252,6248,2025-04-11,NEC Nijmegen,Waalwijk,2,1,H,0,2,40,34,42,56,18,21,32,29,30,19,L,D,D,D,W,L,L,L,D,L,29
253,6249,2025-04-12,Fortuna Sittard,Feyenoord,0,2,A,0,0,33,62,47,32,23,23,17,24,33,56,D,W,L,W,L,W,W,W,W,D,29
254,6250,2025-04-12,Sparta Rotterdam,Heerenveen,3,1,H,1,2,30,35,35,49,17,32,16,28,31,34,W,W,W,L,D,D,D,L,W,W,29
255,6251,2025-04-12,PSV Eindhoven,Almere City FC,5,0,H,4,1,81,20,33,52,34,14,28,18,61,19,W,D,L,W,W,D,W,L,L,L,29
256,6252,2025-04-12,NAC Breda,GO Ahead Eagles,1,1,D,0,1,30,51,48,45,27,29,22,28,30,45,L,D,D,L,D,W,D,W,L,W,29
257,6253,2025-04-13,Utrecht,Groningen,3,1,H,3,0,50,27,41,41,18,27,21,19,53,32,D,L,W,L,L,D,W,W,W,D,29
258,6254,2025-04-13,PEC Zwolle,Twente,1,1,D,0,1,34,54,43,40,22,25,23,31,30,47,D,D,W,L,D,L,L,W,L,D,29
259,6255,2025-04-13,Heracles,AZ Alkmaar,1,0,H,0,1,35,47,48,32,29,20,24,22,32,46,D,L,W,D,D,D,L,D,W,L,29
260,6256,2025-04-13,Willem II,Ajax,1,2,A,1,0,29,60,47,21,21,25,22,21,24,70,L,W,L,W,L,D,L,W,L,W,29
261,6257,2025-04-19,Heerenveen,Almere City FC,2,1,H,2,0,36,20,52,57,34,15,29,22,34,19,L,L,W,D,L,W,D,D,L,L,30
262,6258,2025-04-20,Utrecht,Ajax,4,0,H,1,3,53,62,42,22,21,25,21,22,56,73,W,W,D,W,W,W,L,D,W,W,30
263,6259,2025-04-23,Groningen,Heracles,4,1,H,2,2,28,36,44,48,27,29,22,25,32,35,L,W,L,D,L,W,D,D,W,L,30
264,6260,2025-04-24,AZ Alkmaar,NAC Breda,1,1,D,0,1,47,31,33,49,21,27,22,23,46,31,L,D,L,L,D,D,D,D,D,D,30
265,6261,2025-04-24,Twente,PSV Eindhoven,1,3,A,1,0,55,86,41,33,26,38,31,29,48,64,D,W,D,W,L,L,L,W,W,W,30
266,6262,2025-04-25,Waalwijk,Utrecht,0,4,A,0,0,35,53,58,42,23,21,29,21,19,56,L,W,D,D,D,W,L,L,L,W,30
267,6263,2025-04-25,Feyenoord,PEC Zwolle,4,0,H,3,1,64,35,32,44,23,22,24,24,59,31,W,D,W,D,W,W,W,D,W,L,30
268,6264,2025-04-27,Fortuna Sittard,Willem II,1,0,H,0,1,33,30,49,49,23,22,17,22,33,24,L,L,D,L,L,L,L,L,W,L,30
269,6265,2025-04-27,Ajax,Sparta Rotterdam,1,1,D,0,1,62,33,22,36,25,18,22,18,73,34,W,W,W,W,W,W,D,D,W,D,30
270,6266,2025-04-27,Heerenveen,NEC Nijmegen,1,0,H,0,1,38,42,53,44,36,19,29,34,37,33,W,L,L,W,W,L,L,D,D,W,31
271,6267,2025-04-27,Almere City FC,GO Ahead Eagles,0,0,D,0,0,21,52,59,46,15,30,24,28,19,47,L,D,L,D,D,D,W,L,D,W,31
272,6268,2025-05-03,NEC Nijmegen,Willem II,1,1,D,0,1,42,30,44,50,19,23,34,22,33,24,L,L,W,L,L,L,D,L,W,L,31
273,6269,2025-05-03,Heracles,Feyenoord,1,4,A,0,1,37,68,52,32,31,26,27,25,35,62,L,W,W,W,D,W,W,W,D,W,31
274,6270,2025-05-03,Groningen,Waalwijk,6,1,H,2,4,32,35,45,62,29,23,24,29,35,19,W,L,L,L,L,D,L,D,D,L,31
275,6271,2025-05-03,PSV Eindhoven,Fortuna Sittard,4,1,H,2,2,89,34,34,49,38,23,30,18,67,36,W,W,W,L,W,D,L,L,W,L,31
276,6272,2025-05-04,NAC Breda,PEC Zwolle,1,3,A,0,1,32,35,50,48,28,23,23,27,32,31,D,L,D,D,L,D,D,W,D,D,31
277,6273,2025-05-04,GO Ahead Eagles,AZ Alkmaar,0,3,A,0,0,52,48,46,34,30,21,28,23,47,47,D,D,D,L,D,L,L,D,W,D,31
278,6274,2025-05-04,Sparta Rotterdam,Twente,0,2,A,0,0,34,56,37,44,19,27,18,31,35,48,D,L,W,D,W,D,W,L,D,L,31
279,6275,2025-05-09,Willem II,Heracles,1,2,A,0,1,31,38,51,56,24,31,22,28,25,35,D,L,L,L,L,W,L,D,L,W,32
280,6276,2025-05-10,Waalwijk,Heerenveen,3,1,H,1,2,36,39,68,53,27,36,31,30,19,40,L,W,L,W,L,L,D,W,D,L,32
281,6277,2025-05-10,Fortuna Sittard,NAC Breda,1,0,H,1,0,35,33,53,53,25,28,20,24,36,32,L,L,W,D,L,D,D,L,L,D,32
282,6278,2025-05-10,Almere City FC,Sparta Rotterdam,0,3,A,0,0,21,34,59,39,15,19,24,18,20,35,D,L,L,D,L,W,D,W,W,W,32
283,6279,2025-05-11,PEC Zwolle,GO Ahead Eagles,1,1,D,0,1,38,52,49,49,24,30,27,28,34,47,W,L,L,D,D,D,D,D,W,L,32
284,6280,2025-05-11,Feyenoord,PSV Eindhoven,2,3,A,2,0,72,93,33,35,27,40,25,32,65,70,W,W,W,W,W,W,W,W,W,L,32
285,6281,2025-05-11,Twente,Utrecht,2,0,H,1,1,58,61,44,42,27,22,31,24,51,62,W,W,L,W,D,W,D,D,L,W,32
286,6282,2025-05-11,Ajax,NEC Nijmegen,0,3,A,0,0,63,43,27,45,28,19,24,35,74,34,D,D,L,L,W,W,W,L,W,D,32
287,6283,2025-05-11,AZ Alkmaar,Groningen,3,0,H,2,1,51,38,34,46,21,31,23,28,50,38,W,W,D,W,L,L,L,L,D,L,32
288,6287,2025-05-14,Willem II,PEC Zwolle,1,2,A,0,1,32,39,53,50,24,24,23,28,25,35,L,D,D,W,L,L,L,D,L,D,33
289,6288,2025-05-14,PSV Eindhoven,Heracles,4,1,H,4,0,96,40,37,57,40,32,34,28,73,38,W,W,W,L,W,L,W,W,W,D,33
290,6289,2025-05-14,Groningen,Ajax,2,2,D,0,2,38,63,49,30,32,28,30,24,38,74,L,L,W,D,W,L,L,W,L,W,33
291,6290,2025-05-14,Utrecht,Sparta Rotterdam,1,1,D,1,0,61,37,44,39,23,19,25,18,62,38,L,W,W,L,W,D,W,W,D,W,33
292,6291,2025-05-14,Feyenoord,Waalwijk,2,0,H,1,1,74,39,36,69,29,28,25,33,65,22,L,W,W,L,W,L,W,L,W,D,33
293,6292,2025-05-14,GO Ahead Eagles,Heerenveen,1,0,H,0,1,53,40,50,56,31,38,28,31,48,40,D,L,L,W,D,W,D,L,D,W,33
294,6293,2025-05-14,NEC Nijmegen,NAC Breda,3,0,H,1,2,46,33,45,54,19,28,35,25,37,32,W,L,D,L,L,D,W,D,L,L,33
295,6294,2025-05-14,Twente,AZ Alkmaar,2,3,A,2,0,60,54,44,34,28,23,32,24,54,53,W,W,W,W,L,D,D,L,D,L,33
296,6295,2025-05-14,Almere City FC,Fortuna Sittard,1,1,D,1,0,21,36,62,53,15,26,24,20,20,39,L,W,D,L,L,W,L,L,D,D,33
297,6298,2025-05-18,PEC Zwolle,Groningen,2,0,H,1,1,41,40,51,51,25,32,28,32,38,39,W,D,D,L,W,W,L,W,D,L,34
298,6299,2025-05-18,Ajax,Twente,2,0,H,1,1,65,62,32,47,30,30,24,32,75,54,D,L,L,W,D,W,L,L,W,D,34
299,6300,2025-05-18,AZ Alkmaar,Almere City FC,1,1,D,0,1,57,22,36,63,23,16,26,24,56,21,W,D,W,L,W,D,D,L,L,L,34
300,6301,2025-05-18,NAC Breda,Willem II,1,1,D,1,0,33,33,57,55,30,24,26,24,32,25,L,L,L,L,L,D,D,L,D,L,34
301,6302,2025-05-18,Fortuna Sittard,Utrecht,0,0,D,0,0,37,62,54,45,26,24,21,25,40,63,D,D,W,L,L,W,W,W,L,W,34
302,6303,2025-05-18,Heracles,NEC Nijmegen,1,2,A,0,1,41,49,61,45,32,20,32,37,38,40,L,W,W,W,L,D,L,L,W,W,34
303,6304,2025-05-18,Heerenveen,Feyenoord,2,0,H,2,0,40,76,57,36,39,30,31,26,40,68,L,W,L,L,W,W,W,W,L,W,34
304,6305,2025-05-18,Waalwijk,GO Ahead Eagles,5,3,H,1,4,39,54,71,50,29,31,34,29,22,51,L,W,W,D,L,L,L,D,L,D,34
305,6306,2025-05-18,Sparta Rotterdam,PSV Eindhoven,1,3,A,0,1,38,100,40,38,19,44,19,34,39,76,D,W,W,W,L,W,D,W,W,W,34
