,Date,HomeTeam,AwayTeam,FTHG,FTAG,FTR,HTHG,HTAG,HTR,B365H,B365A,B365D,HTGS,ATGS,HTGC,ATGC,HHGS,AHGS,HHGC,AHGC,HTP,ATP,HM1,AM1,HM2,AM2,HM3,AM3,HM4,AM4,HM5,AM5,MW
0,09/08/2024,Sp Lisbon,Rio Ave,3,1,H,2,0,H,1.17,13.0,8.0,0,0,0,0,0,0,0,0,0,0,M,M,M,M,M,M,M,M,M,M,1
1,10/08/2024,AVS,Nacional,1,1,D,0,1,A,2.25,3.2,3.25,0,0,0,0,0,0,0,0,0,0,M,M,M,M,M,M,M,M,M,M,1
2,10/08/2024,Casa Pia,Boavista,0,1,A,0,0,D,1.91,4.0,3.4,0,0,0,0,0,0,0,0,0,0,M,M,M,M,M,M,M,M,M,M,1
3,10/08/2024,Porto,Gil Vicente,3,0,H,1,0,H,1.18,15.0,6.5,0,0,0,0,0,0,0,0,0,0,M,M,M,M,M,M,M,M,M,M,1
4,11/08/2024,Estoril,Santa Clara,1,4,A,1,1,D,2.15,3.6,3.1,0,0,0,0,0,0,0,0,0,0,M,M,M,M,M,M,M,M,M,M,1
5,11/08/2024,Famalicao,Benfica,2,0,H,1,0,H,7.0,1.44,4.33,0,0,0,0,0,0,0,0,0,0,M,M,M,M,M,M,M,M,M,M,1
6,11/08/2024,Farense,Moreirense,1,2,A,0,1,A,2.9,2.4,3.25,0,0,0,0,0,0,0,0,0,0,M,M,M,M,M,M,M,M,M,M,1
7,11/08/2024,Sp Braga,Estrela,1,1,D,0,0,D,1.38,7.5,4.75,0,0,0,0,0,0,0,0,0,0,M,M,M,M,M,M,M,M,M,M,1
8,12/08/2024,Arouca,Guimaraes,0,1,A,0,1,A,2.88,2.38,3.4,0,0,0,0,0,0,0,0,0,0,M,M,M,M,M,M,M,M,M,M,1
9,16/08/2024,Santa Clara,Porto,0,2,A,0,2,A,6.0,1.53,4.1,4,3,1,0,1,1,1,0,3,3,M,M,M,M,M,M,M,M,M,M,2
10,16/08/2024,Gil Vicente,AVS,4,2,H,2,2,D,2.2,3.3,3.25,0,1,3,1,0,0,1,1,0,1,L,D,M,M,M,M,M,M,M,M,2
11,17/08/2024,Rio Ave,Farense,1,0,H,1,0,H,2.0,3.9,3.3,1,1,3,2,0,0,2,1,0,0,L,L,M,M,M,M,M,M,M,M,2
12,17/08/2024,Nacional,Sp Lisbon,1,6,A,1,2,A,10.0,1.25,6.0,1,3,1,1,1,2,0,0,1,3,D,W,M,M,M,M,M,M,M,M,2
13,17/08/2024,Benfica,Casa Pia,3,0,H,0,0,D,1.18,12.0,7.5,0,0,2,1,0,0,1,0,0,0,L,L,M,M,M,M,M,M,M,M,2
14,18/08/2024,Moreirense,Arouca,3,1,H,2,1,H,2.3,3.1,3.25,2,0,1,1,1,0,0,1,3,0,W,L,M,M,M,M,M,M,M,M,2
15,18/08/2024,Guimaraes,Estoril,1,0,H,1,0,H,1.57,5.5,4.0,1,1,0,4,1,1,0,1,3,0,W,L,M,M,M,M,M,M,M,M,2
16,18/08/2024,Boavista,Sp Braga,0,1,A,0,1,A,5.5,1.6,3.9,1,1,0,1,0,0,0,0,3,1,W,D,M,M,M,M,M,M,M,M,2
17,19/08/2024,Estrela,Famalicao,0,3,A,0,1,A,2.5,2.88,3.2,1,2,1,0,0,1,0,0,1,3,D,W,M,M,M,M,M,M,M,M,2
18,23/08/2024,Farense,Sp Lisbon,0,5,A,0,2,A,10.0,1.2,8.0,1,9,3,2,0,4,2,1,0,6,L,W,M,M,M,M,M,M,M,M,3
19,24/08/2024,Casa Pia,Santa Clara,0,2,A,0,0,D,2.75,2.63,3.1,0,4,4,3,0,1,0,3,0,3,L,L,M,M,M,M,M,M,M,M,3
20,24/08/2024,Porto,Rio Ave,2,0,H,2,0,H,1.25,10.0,6.25,5,2,0,3,3,1,0,2,6,3,W,W,W,L,M,M,M,M,M,M,3
21,24/08/2024,Benfica,Estrela,1,0,H,1,0,H,1.18,13.0,7.5,3,1,2,4,0,0,1,1,3,1,W,L,L,D,M,M,M,M,M,M,3
22,24/08/2024,Famalicao,Boavista,1,0,H,1,0,H,1.55,6.5,3.8,5,1,0,1,2,0,0,1,6,3,W,L,W,W,M,M,M,M,M,M,3
23,25/08/2024,Arouca,Nacional,1,0,H,1,0,H,2.05,3.5,3.4,1,2,4,7,1,2,3,2,0,1,L,L,L,D,M,M,M,M,M,M,3
24,25/08/2024,Estoril,Gil Vicente,0,0,D,0,0,D,2.6,2.63,3.3,1,4,5,5,1,2,2,3,0,3,L,W,L,L,M,M,M,M,M,M,3
25,25/08/2024,AVS,Guimaraes,1,0,H,0,0,D,4.2,1.91,3.3,3,2,5,0,2,2,3,0,1,6,L,W,D,W,M,M,M,M,M,M,3
26,25/08/2024,Sp Braga,Moreirense,3,1,H,1,0,H,1.57,5.25,4.33,2,5,1,2,1,3,0,1,4,6,W,W,D,W,M,M,M,M,M,M,3
27,30/08/2024,Moreirense,Benfica,1,1,D,0,0,D,7.0,1.44,4.33,6,4,5,2,3,1,2,1,6,6,L,W,W,W,M,M,M,M,M,M,4
28,31/08/2024,Santa Clara,AVS,2,1,H,1,1,D,1.8,4.75,3.4,6,4,3,5,1,2,3,3,6,4,W,W,L,L,M,M,M,M,M,M,4
29,31/08/2024,Boavista,Estoril,0,0,D,0,0,D,2.25,3.3,3.1,1,1,2,5,0,1,2,2,3,1,L,D,L,L,M,M,M,M,M,M,4
30,31/08/2024,Estrela,Casa Pia,0,1,A,0,0,D,2.3,3.2,3.2,1,0,5,6,0,0,2,0,1,0,L,L,L,L,D,L,M,M,M,M,4
31,31/08/2024,Sp Lisbon,Porto,2,0,H,0,0,D,1.75,4.33,3.8,14,7,2,0,6,5,1,0,9,9,W,W,W,W,W,W,M,M,M,M,4
32,01/09/2024,Nacional,Farense,2,0,H,1,0,H,2.2,3.2,3.4,2,1,8,8,2,0,3,4,1,0,L,L,L,L,D,L,M,M,M,M,4
33,01/09/2024,Rio Ave,Arouca,1,0,H,1,0,H,2.3,3.1,3.25,2,2,5,4,1,2,4,3,3,3,L,W,W,L,L,L,M,M,M,M,4
34,01/09/2024,Gil Vicente,Sp Braga,0,0,D,0,0,D,4.5,1.73,3.8,4,5,5,2,2,2,3,0,4,7,D,W,W,W,L,D,M,M,M,M,4
35,01/09/2024,Guimaraes,Famalicao,2,1,H,1,1,D,1.95,3.9,3.4,2,6,1,0,2,3,0,0,6,9,L,W,W,W,W,W,M,M,M,M,4
36,13/09/2024,Arouca,Sp Lisbon,0,3,A,0,1,A,13.0,1.22,6.0,2,16,5,2,2,6,4,1,3,12,L,W,W,W,L,W,M,M,M,M,5
37,14/09/2024,Casa Pia,Moreirense,3,1,H,0,1,A,2.7,2.8,3.0,1,7,6,6,0,3,0,2,3,7,W,D,L,L,L,W,M,M,M,M,5
38,14/09/2024,AVS,Rio Ave,1,0,H,0,0,D,2.7,2.75,3.1,5,3,7,5,3,2,4,4,4,6,L,W,W,L,L,W,M,M,M,M,5
39,14/09/2024,Benfica,Santa Clara,4,1,H,2,1,H,1.25,10.0,6.0,5,8,3,4,1,2,1,4,7,9,D,W,W,W,W,L,M,M,M,M,5
40,14/09/2024,Famalicao,Gil Vicente,1,1,D,1,0,H,1.85,4.5,3.3,7,4,2,5,4,2,1,3,9,5,L,D,W,D,W,W,W,L,M,M,5
41,15/09/2024,Porto,Farense,2,1,H,0,0,D,1.14,21.0,7.5,7,1,2,10,5,0,0,5,9,0,L,L,W,L,W,L,W,L,M,M,5
42,15/09/2024,Estoril,Nacional,1,0,H,1,0,H,2.3,3.1,3.3,1,4,5,8,1,3,2,3,2,4,D,W,D,L,L,L,L,D,M,M,5
43,15/09/2024,Sp Braga,Guimaraes,0,2,A,0,0,D,2.0,3.5,3.6,5,4,2,2,2,3,0,1,8,9,D,W,W,L,W,W,D,W,M,M,5
44,16/09/2024,Estrela,Boavista,2,2,D,1,2,A,1.91,4.2,3.3,1,1,6,2,0,0,2,2,1,4,L,D,L,L,L,L,D,W,M,M,5
45,20/09/2024,Nacional,Sp Braga,0,3,A,0,0,D,5.25,1.65,3.8,4,5,9,4,3,2,4,0,4,8,L,L,W,D,L,W,L,W,M,M,6
46,21/09/2024,Rio Ave,Estoril,2,2,D,1,0,H,1.91,4.1,3.4,3,2,6,5,2,2,4,2,6,5,L,W,W,D,L,D,W,L,M,M,6
47,21/09/2024,Santa Clara,Estrela,1,0,H,0,0,D,1.75,5.0,3.5,9,3,8,8,3,1,6,4,9,2,L,D,W,L,W,L,L,L,M,M,6
48,21/09/2024,Guimaraes,Porto,0,3,A,0,0,D,3.5,2.2,3.1,6,9,2,3,3,5,1,0,12,12,W,W,W,L,L,W,W,W,M,M,6
49,21/09/2024,Moreirense,Famalicao,0,0,D,0,0,D,2.55,3.0,3.0,8,8,9,3,4,5,2,1,7,10,L,D,D,L,L,W,W,W,M,M,6
50,22/09/2024,Gil Vicente,Casa Pia,1,1,D,1,0,H,2.1,3.8,3.1,5,4,6,7,2,0,4,1,6,6,D,W,D,W,D,L,W,L,L,L,6
51,22/09/2024,Farense,Arouca,0,1,A,0,1,A,2.7,2.7,3.1,2,2,12,8,0,2,5,5,0,3,L,L,L,L,L,W,L,L,L,L,6
52,22/09/2024,Sp Lisbon,AVS,3,0,H,2,0,H,1.07,23.0,12.0,19,6,2,7,7,3,1,4,15,7,W,W,W,L,W,W,W,L,W,D,6
53,23/09/2024,Boavista,Benfica,0,3,A,0,2,A,11.0,1.25,6.0,3,9,4,4,2,3,3,2,5,10,D,W,D,D,L,W,L,W,W,L,6
54,27/09/2024,Estoril,Sp Lisbon,0,3,A,0,2,A,13.0,1.17,7.5,4,22,7,2,2,9,3,1,6,18,D,W,W,W,D,W,D,W,L,W,7
55,28/09/2024,Estrela,Moreirense,2,1,H,2,0,H,2.9,2.45,3.2,3,8,9,9,1,4,4,2,2,8,L,D,D,L,L,D,L,L,L,W,7
56,28/09/2024,Casa Pia,Guimaraes,1,1,D,1,0,H,3.9,2.0,3.25,5,6,8,5,0,3,2,1,7,12,D,L,W,W,W,W,L,L,L,W,7
57,28/09/2024,Benfica,Gil Vicente,5,1,H,2,1,H,1.2,11.0,7.0,12,6,4,7,5,3,2,4,13,7,W,D,W,D,D,D,W,D,W,W,7
58,29/09/2024,Famalicao,Nacional,0,0,D,0,0,D,1.6,5.75,3.75,8,4,3,12,5,3,1,4,11,4,D,L,D,L,L,W,W,L,W,L,7
59,29/09/2024,Porto,Arouca,4,0,H,0,0,D,1.2,15.0,6.25,12,3,3,8,5,3,0,5,15,6,W,W,W,L,L,L,W,W,W,L,7
60,29/09/2024,Santa Clara,Boavista,1,0,H,1,0,H,1.57,5.5,4.0,10,3,8,7,3,2,6,5,12,5,W,L,L,D,W,D,W,L,L,L,7
61,29/09/2024,Sp Braga,Rio Ave,4,0,H,2,0,H,1.36,8.0,4.75,8,5,4,8,2,3,0,4,11,7,W,D,L,L,D,W,W,L,W,W,7
62,30/09/2024,AVS,Farense,0,0,D,0,0,D,1.91,4.0,3.5,6,2,10,13,3,0,6,6,7,0,L,L,W,L,L,L,W,L,L,L,7
63,04/10/2024,Rio Ave,Famalicao,1,1,D,0,0,D,2.9,2.6,3.0,5,8,12,3,3,5,6,1,7,12,L,D,D,D,L,D,W,L,L,W,8
64,05/10/2024,Gil Vicente,Estrela,3,0,H,2,0,H,1.85,4.2,3.5,7,5,12,10,4,3,6,4,7,5,L,W,D,L,D,D,D,L,D,L,8
65,05/10/2024,Moreirense,Santa Clara,1,0,H,0,0,D,2.4,2.88,3.25,9,11,11,8,4,4,4,6,8,15,L,W,D,W,L,L,D,W,L,W,8
66,05/10/2024,Arouca,AVS,1,1,D,1,0,H,2.05,3.3,3.5,3,6,12,10,3,3,5,6,6,8,L,D,W,L,L,W,L,L,W,W,8
67,05/10/2024,Sp Lisbon,Casa Pia,2,0,H,1,0,H,1.13,13.0,10.0,25,6,2,9,11,1,1,2,21,8,W,D,W,D,W,W,W,W,W,L,8
68,06/10/2024,Farense,Estoril,1,0,H,0,0,D,2.25,3.1,3.4,2,4,13,10,0,2,6,5,1,6,D,L,L,D,L,W,L,D,L,D,8
69,06/10/2024,Guimaraes,Boavista,2,2,D,1,0,H,1.42,8.5,4.2,7,3,6,8,3,2,2,6,13,5,D,L,L,L,W,D,W,D,L,L,8
70,06/10/2024,Porto,Sp Braga,2,1,H,1,0,H,1.6,6.0,3.75,16,12,3,4,5,4,0,0,18,14,W,W,W,W,W,L,L,D,W,W,8
71,25/10/2024,Casa Pia,Nacional,1,0,H,1,0,H,2.1,3.4,3.4,6,4,9,12,1,3,2,4,8,5,D,D,D,L,W,L,W,W,L,L,8
72,25/10/2024,Santa Clara,Gil Vicente,2,1,H,2,1,H,2.1,3.9,3.1,11,10,9,12,4,6,6,6,15,10,L,W,W,L,W,D,L,D,W,D,9
73,26/10/2024,Estoril,Arouca,4,1,H,2,1,H,3.0,2.4,3.2,4,4,11,13,2,4,5,5,6,7,L,D,L,L,D,W,W,L,D,L,9
74,26/10/2024,Boavista,Moreirense,0,2,A,0,1,A,3.4,2.25,3.1,5,10,10,11,2,4,7,4,6,11,D,W,L,L,L,D,D,L,D,D,9
75,26/10/2024,Famalicao,Sp Lisbon,0,3,A,0,0,D,7.0,1.36,5.5,9,27,4,2,5,12,1,1,13,24,D,W,D,W,D,W,D,W,L,W,9
76,27/10/2024,Sp Braga,Farense,2,0,H,1,0,H,1.33,7.0,6.0,13,3,6,13,4,0,1,6,14,4,L,W,W,D,W,L,L,L,D,L,9
77,27/10/2024,Benfica,Rio Ave,5,0,H,3,0,H,1.17,13.0,7.5,22,6,5,13,10,3,3,6,19,8,W,D,W,L,W,D,W,L,D,W,9
78,27/10/2024,Estrela,Guimaraes,2,2,D,1,1,D,4.75,1.8,3.4,5,9,13,8,3,4,6,2,5,14,L,D,W,D,L,L,D,W,L,W,9
79,28/10/2024,AVS,Porto,0,5,A,0,4,A,9.0,1.3,5.5,7,18,11,4,3,6,7,0,9,21,D,W,D,W,L,W,W,W,L,L,9
80,01/11/2024,Sp Lisbon,Estrela,5,1,H,3,1,H,1.08,19.0,11.0,27,5,2,13,12,3,1,6,24,5,W,L,W,W,W,L,W,D,W,L,9
81,02/11/2024,Rio Ave,Casa Pia,2,2,D,2,2,D,2.2,3.3,3.25,6,7,18,11,3,2,9,3,8,11,L,W,D,L,L,D,D,D,L,W,10
82,02/11/2024,Farense,Benfica,1,2,A,1,1,D,11.0,1.22,6.5,3,24,15,6,0,11,7,4,4,22,L,W,W,W,D,W,L,W,L,W,10
83,02/11/2024,Gil Vicente,Boavista,1,2,A,0,0,D,1.67,5.5,3.6,11,5,14,12,7,2,8,8,10,6,L,L,W,D,L,L,D,L,D,D,10
84,03/11/2024,AVS,Famalicao,2,3,A,2,2,D,3.1,2.45,3.0,7,9,16,7,3,5,11,1,9,13,L,L,D,D,D,D,L,D,W,D,10
85,03/11/2024,Arouca,Sp Braga,1,2,A,0,1,A,4.33,1.73,3.9,5,15,17,6,5,5,7,1,7,17,L,W,D,L,L,W,W,W,L,L,10
86,03/11/2024,Guimaraes,Moreirense,1,0,H,0,0,D,1.7,5.25,3.6,11,12,10,11,5,5,3,4,15,14,D,W,D,W,D,L,L,D,W,L,10
87,03/11/2024,Porto,Estoril,4,0,H,2,0,H,1.14,15.0,8.0,23,8,4,12,10,4,0,6,24,9,W,W,W,L,W,L,W,D,W,W,10
88,04/11/2024,Nacional,Santa Clara,2,0,H,2,0,H,3.3,2.25,3.1,6,13,13,10,5,6,5,7,8,18,W,W,L,L,D,W,L,W,L,L,10
89,08/11/2024,Moreirense,Gil Vicente,3,2,H,0,1,A,2.3,3.4,3.0,12,11,11,14,5,7,4,8,14,10,W,L,W,W,L,L,D,D,L,D,10
90,09/11/2024,Casa Pia,Farense,1,1,D,1,1,D,1.95,4.0,3.3,9,4,13,17,4,1,5,8,12,4,D,L,W,L,L,W,D,D,D,L,11
91,09/11/2024,Estoril,AVS,0,0,D,0,0,D,2.25,3.5,3.0,8,9,16,19,4,5,8,13,9,9,L,L,W,L,L,D,L,D,D,L,11
92,09/11/2024,Famalicao,Arouca,0,0,D,0,0,D,1.91,4.0,3.5,12,6,9,19,7,5,3,8,16,7,W,L,L,L,D,D,D,L,D,W,11
93,09/11/2024,Boavista,Rio Ave,0,2,A,0,1,A,2.75,2.7,3.1,7,8,13,20,2,5,8,11,9,9,W,D,L,L,D,D,L,L,L,D,11
94,10/11/2024,Estrela,Nacional,2,0,H,0,0,D,2.2,3.2,3.4,8,6,20,15,5,5,10,5,6,8,L,L,D,W,L,L,W,D,L,L,11
95,10/11/2024,Santa Clara,Guimaraes,1,0,H,0,0,D,2.9,2.6,3.0,13,12,12,10,6,5,9,3,18,18,L,W,W,D,L,D,W,D,W,L,11
96,10/11/2024,Sp Braga,Sp Lisbon,2,4,A,2,0,H,5.25,1.57,4.2,17,35,7,3,6,15,1,2,20,30,W,W,W,W,L,W,W,W,W,W,11
97,10/11/2024,Benfica,Porto,4,1,H,1,1,D,2.1,3.5,3.3,28,27,7,4,12,12,5,0,25,27,W,W,W,W,W,W,W,W,W,W,11
98,29/11/2024,Farense,Estrela,1,0,H,1,0,H,2.2,3.4,3.25,4,8,17,20,1,5,8,10,4,6,L,L,L,D,W,L,D,W,L,L,11
99,30/11/2024,Rio Ave,Moreirense,3,2,H,1,0,H,2.8,2.55,3.2,10,15,20,14,6,5,11,5,12,17,W,W,D,L,L,W,D,W,L,L,12
100,30/11/2024,Nacional,Boavista,0,0,D,0,0,D,1.91,4.0,3.4,6,7,15,15,5,2,5,9,9,9,D,L,L,W,W,L,L,D,D,L,12
101,30/11/2024,Sp Lisbon,Santa Clara,0,1,A,0,1,A,1.17,17.0,6.5,39,14,5,12,15,6,4,9,33,21,W,W,W,L,W,W,W,L,W,W,12
102,01/12/2024,Estoril,Famalicao,2,1,H,2,1,H,3.2,2.2,3.4,8,12,16,9,4,7,8,3,10,17,D,D,L,W,W,L,L,D,L,D,12
103,01/12/2024,Arouca,Benfica,0,2,A,0,1,A,9.5,1.27,5.75,6,30,19,7,5,13,8,5,8,28,D,W,L,W,L,W,D,W,L,W,12
104,01/12/2024,AVS,Sp Braga,0,1,A,0,0,D,5.5,1.6,3.9,9,19,19,11,5,8,13,1,10,20,D,L,L,W,L,W,D,L,D,W,12
105,02/12/2024,Guimaraes,Gil Vicente,4,0,H,1,0,H,1.67,5.0,3.8,12,14,11,19,5,8,3,8,18,10,L,L,W,L,D,L,D,W,D,L,12
106,02/12/2024,Porto,Casa Pia,2,0,H,0,0,D,1.2,13.0,6.25,28,10,8,14,13,5,1,6,27,13,L,D,W,D,W,W,W,L,W,D,12
107,05/12/2024,Moreirense,Sp Lisbon,2,1,H,2,1,H,8.5,1.36,4.75,15,39,14,5,5,15,5,4,17,33,W,W,L,W,W,W,W,W,L,W,12
108,06/12/2024,Sp Braga,Estoril,2,2,D,1,0,H,1.22,10.0,7.0,20,10,11,17,8,6,1,9,23,13,W,W,L,D,W,L,W,W,L,L,13
109,07/12/2024,Gil Vicente,Nacional,2,1,H,1,0,H,2.0,3.8,3.3,14,7,23,17,8,5,9,6,10,9,L,L,L,D,L,L,L,W,W,L,13
110,07/12/2024,Benfica,Guimaraes,1,0,H,1,0,H,1.33,10.0,5.0,31,16,7,11,14,6,5,3,31,21,W,W,W,L,W,W,W,D,W,D,13
111,07/12/2024,Santa Clara,Rio Ave,1,0,H,1,0,H,1.83,4.75,3.3,15,13,12,22,7,7,9,11,24,15,W,W,W,W,L,D,W,L,L,D,13
112,07/12/2024,Famalicao,Porto,1,1,D,1,0,H,6.0,1.5,4.33,13,30,11,8,8,13,5,1,17,30,L,W,D,L,W,W,L,W,D,W,13
113,08/12/2024,Boavista,Farense,1,1,D,0,0,D,2.4,3.1,3.1,7,6,15,18,2,3,9,9,10,8,D,W,L,D,W,L,L,L,D,W,13
114,08/12/2024,Casa Pia,AVS,1,1,D,1,0,H,1.85,4.33,3.4,10,9,16,20,5,5,6,13,13,10,L,L,D,D,D,L,W,L,L,D,13
115,09/12/2024,Estrela,Arouca,2,1,H,0,1,A,2.55,2.8,3.2,10,6,21,21,5,5,11,9,9,8,L,L,W,D,L,L,D,L,L,D,13
116,14/12/2024,Farense,Gil Vicente,0,1,A,0,0,D,2.8,2.63,3.1,6,14,18,23,3,8,9,9,8,10,W,L,D,L,L,L,L,L,W,W,13
117,14/12/2024,Nacional,Moreirense,1,0,H,0,0,D,2.8,2.6,3.1,8,19,17,18,5,7,6,7,12,20,W,W,L,L,D,W,L,L,W,W,14
118,14/12/2024,Sp Lisbon,Boavista,3,2,H,1,1,D,1.08,23.0,10.0,40,8,8,16,16,2,7,9,33,11,L,D,L,D,W,L,W,W,W,L,14
119,15/12/2024,Arouca,Santa Clara,1,0,H,0,0,D,3.1,2.3,3.2,7,16,23,12,6,8,9,9,8,27,L,W,L,W,D,W,L,L,L,W,14
120,15/12/2024,AVS,Benfica,1,1,D,0,1,A,13.0,1.18,7.0,10,32,21,8,5,15,14,5,11,32,D,D,L,W,D,W,L,W,L,W,14
121,15/12/2024,Estoril,Casa Pia,0,2,A,0,0,D,2.63,2.75,3.1,12,11,19,17,6,6,10,6,14,14,D,D,W,L,D,D,L,D,W,W,14
122,16/12/2024,Sp Braga,Famalicao,3,3,D,0,1,A,1.48,6.5,4.2,22,14,13,12,9,9,1,5,24,18,D,D,W,L,L,D,W,W,W,L,14
123,16/12/2024,Porto,Estrela,2,0,H,1,0,H,1.14,19.0,7.5,31,12,9,22,13,5,2,12,31,12,D,W,W,L,L,W,W,L,W,D,14
124,16/12/2024,Rio Ave,Guimaraes,2,2,D,2,0,H,3.7,2.05,3.3,13,16,23,12,7,6,12,4,15,21,L,L,W,W,W,L,D,W,L,D,14
125,19/12/2024,Nacional,Benfica,0,2,A,0,0,D,8.5,1.25,7.0,8,32,17,8,5,15,6,5,12,32,W,D,L,W,D,W,L,W,W,W,14
126,20/12/2024,Casa Pia,Arouca,3,1,H,2,0,H,2.3,3.5,3.1,13,8,17,23,6,6,6,9,17,11,W,W,D,L,L,L,D,D,D,L,15
127,21/12/2024,Famalicao,Farense,1,2,A,0,1,A,1.75,5.25,3.4,17,7,15,20,10,3,5,9,19,9,D,L,D,D,L,W,D,D,W,L,15
128,21/12/2024,Boavista,AVS,0,0,D,0,0,D,2.25,3.3,3.2,10,11,19,22,3,5,10,15,11,12,L,D,D,D,D,L,L,D,W,L,15
129,21/12/2024,Moreirense,Porto,0,3,A,0,1,A,7.0,1.48,4.1,19,33,19,9,7,14,7,2,20,34,L,W,W,D,L,W,W,L,L,W,15
130,22/12/2024,Santa Clara,Sp Braga,0,2,A,0,0,D,3.1,2.3,3.2,16,25,13,16,8,9,9,2,27,25,L,D,W,D,W,W,W,L,L,W,15
131,22/12/2024,Gil Vicente,Sp Lisbon,0,0,D,0,0,D,7.0,1.38,5.25,17,43,24,10,9,17,9,8,16,36,W,W,W,L,L,L,L,W,L,W,15
132,23/12/2024,Benfica,Estoril,3,0,H,1,0,H,1.08,23.0,9.5,34,12,8,21,15,6,5,10,35,14,W,L,D,D,W,W,W,D,W,L,15
133,23/12/2024,Guimaraes,Nacional,2,2,D,1,1,D,1.53,6.25,3.9,18,8,14,19,6,5,6,6,22,12,D,L,L,W,W,L,L,D,W,L,15
134,23/12/2024,Estrela,Rio Ave,1,0,H,1,0,H,2.35,3.0,3.3,12,15,24,25,5,9,13,12,12,16,L,D,W,L,L,W,W,W,L,D,15
135,27/12/2024,Arouca,Gil Vicente,1,1,D,0,0,D,2.25,3.2,3.25,9,17,26,24,6,9,11,9,11,17,L,D,W,W,L,W,L,L,D,L,16
136,28/12/2024,AVS,Estrela,1,1,D,0,1,A,2.45,3.1,3.0,11,13,22,24,5,6,15,13,13,15,D,W,D,L,D,W,L,L,D,W,16
137,28/12/2024,Estoril,Moreirense,2,2,D,2,1,H,3.25,2.4,3.0,12,19,24,22,6,7,11,8,14,20,L,L,L,L,D,W,W,L,D,W,16
138,28/12/2024,Porto,Boavista,4,0,H,1,0,H,1.13,15.0,9.0,36,10,9,19,15,3,2,10,37,12,W,D,W,L,D,D,W,D,L,L,16
139,29/12/2024,Farense,Guimaraes,2,2,D,1,0,H,4.2,1.85,3.5,9,20,21,16,4,7,9,7,12,23,W,D,L,D,D,L,W,W,D,L,16
140,29/12/2024,Rio Ave,Nacional,2,1,H,1,1,D,2.2,3.5,3.1,15,10,26,21,9,6,13,7,16,13,L,D,D,L,L,W,W,L,W,D,16
141,29/12/2024,Sp Braga,Casa Pia,1,2,A,1,1,D,1.42,7.5,4.5,27,16,16,18,9,8,2,6,28,20,W,W,D,W,D,D,W,L,L,D,16
142,29/12/2024,Sp Lisbon,Benfica,1,0,H,1,0,H,2.5,2.6,3.6,43,37,10,8,17,16,8,5,37,38,D,W,W,W,L,D,L,W,W,W,16
143,30/12/2024,Famalicao,Santa Clara,1,2,A,0,1,A,2.7,2.88,2.9,18,16,17,15,10,8,6,9,19,27,L,L,D,L,D,W,L,W,D,W,16
144,03/01/2025,Guimaraes,Sp Lisbon,4,4,D,1,2,A,3.8,1.95,3.5,22,44,18,10,7,18,8,8,24,40,D,W,D,D,D,W,L,L,W,L,17
145,04/01/2025,Moreirense,AVS,1,1,D,1,1,D,1.8,4.5,3.4,21,12,24,23,8,5,10,16,21,14,D,D,L,D,L,D,W,D,L,L,17
146,04/01/2025,Benfica,Sp Braga,1,2,A,0,2,A,1.42,7.0,4.5,37,28,9,18,16,10,6,3,38,28,L,L,W,W,W,D,D,D,W,W,17
147,04/01/2025,Boavista,Arouca,1,3,A,0,1,A,2.75,2.63,3.1,10,10,23,27,3,6,11,11,12,12,L,D,D,L,L,W,D,L,D,L,17
148,05/01/2025,Santa Clara,Farense,0,0,D,0,0,D,1.67,6.0,3.4,18,11,16,23,9,5,9,9,30,13,W,D,L,W,L,L,W,D,W,W,17
149,05/01/2025,Casa Pia,Famalicao,1,1,D,1,1,D,2.35,3.2,3.1,18,19,19,19,9,10,7,7,23,19,W,L,W,L,W,D,D,D,L,L,17
150,05/01/2025,Estrela,Estoril,2,4,A,0,3,A,2.25,3.3,3.1,14,14,25,26,7,8,13,12,16,15,D,D,W,L,L,L,W,D,L,W,17
151,06/01/2025,Gil Vicente,Rio Ave,1,1,D,1,0,H,2.2,3.4,3.2,18,17,25,27,9,10,9,14,18,19,D,W,D,L,W,D,W,L,L,W,17
152,12/01/2025,Nacional,Porto,2,0,H,2,0,H,8.5,1.36,4.75,11,40,23,9,7,16,8,2,13,40,L,W,D,W,L,W,W,D,L,W,17
153,17/01/2025,Benfica,Famalicao,4,0,H,2,0,H,1.25,9.5,6.25,38,20,11,20,16,11,8,8,38,20,L,D,L,L,W,L,W,D,D,D,18
154,18/01/2025,Santa Clara,Estoril,2,3,A,1,2,A,1.7,5.5,3.4,18,18,16,28,9,11,9,12,31,18,D,W,W,D,L,L,L,L,W,D,18
155,18/01/2025,Rio Ave,Sp Lisbon,0,3,A,0,2,A,9.5,1.3,5.5,18,48,28,14,10,20,15,9,20,41,D,D,W,W,L,D,D,W,L,L,18
156,18/01/2025,Guimaraes,Arouca,2,2,D,2,0,H,1.55,6.25,3.9,26,13,22,28,8,7,10,11,25,15,D,W,D,D,D,L,D,W,L,L,18
157,19/01/2025,Moreirense,Farense,0,0,D,0,0,D,1.9,4.33,3.2,22,11,25,23,9,5,11,9,22,14,D,D,D,D,L,W,L,L,W,D,18
158,19/01/2025,Nacional,AVS,3,1,H,3,1,H,2.05,3.75,3.2,13,13,23,24,9,6,8,17,16,15,W,D,L,D,D,D,L,D,W,D,18
159,19/01/2025,Estrela,Sp Braga,0,1,A,0,0,D,5.0,1.67,3.8,16,30,29,19,7,12,16,3,16,31,L,W,D,L,W,W,L,D,W,D,18
160,19/01/2025,Gil Vicente,Porto,3,1,H,1,0,H,7.5,1.4,4.5,19,40,26,11,10,16,9,4,19,40,D,L,D,W,D,W,W,W,W,D,18
161,20/01/2025,Boavista,Casa Pia,2,3,A,1,2,A,3.4,2.3,3.0,11,19,26,20,3,10,12,8,12,24,L,D,L,W,D,W,L,W,D,D,18
162,24/01/2025,Arouca,Moreirense,1,0,H,0,0,D,2.3,3.25,3.1,15,22,30,25,7,9,13,11,16,23,D,D,W,D,D,D,L,L,W,L,19
163,25/01/2025,Famalicao,Estrela,0,0,D,0,0,D,1.82,4.33,3.4,20,16,24,30,11,7,10,16,20,16,L,L,D,L,L,D,L,W,D,L,19
164,25/01/2025,Farense,Rio Ave,1,2,A,0,1,A,2.55,3.0,2.9,11,18,23,31,5,10,9,17,15,20,D,L,D,D,D,W,W,L,L,D,19
165,25/01/2025,Casa Pia,Benfica,3,1,H,1,1,D,8.5,1.38,4.75,22,42,22,11,12,18,9,8,27,41,W,W,D,L,W,L,W,W,W,W,19
166,25/01/2025,Sp Lisbon,Nacional,2,0,H,1,0,H,1.14,12.0,9.5,51,16,14,24,22,12,9,9,44,19,W,W,D,W,W,L,D,D,W,L,19
167,26/01/2025,Estoril,Guimaraes,1,0,H,0,0,D,4.2,1.83,3.6,21,28,30,24,13,10,13,10,21,26,W,D,W,D,D,D,L,D,L,D,19
168,26/01/2025,Porto,Santa Clara,1,1,D,0,1,A,1.45,7.5,4.1,41,20,14,19,16,10,5,11,40,31,L,L,L,D,W,W,W,L,W,L,19
169,26/01/2025,Sp Braga,Boavista,3,0,H,2,0,H,1.22,11.0,6.5,31,13,19,29,12,4,3,14,34,12,W,L,W,L,L,L,W,D,D,L,19
170,27/01/2025,AVS,Gil Vicente,1,0,H,0,0,D,2.9,2.55,3.0,14,22,27,27,7,11,20,9,15,22,L,W,D,D,D,D,D,D,D,W,19
171,31/01/2025,Boavista,Famalicao,0,2,A,0,1,A,3.6,2.2,2.9,13,20,32,24,4,11,16,10,12,21,L,D,L,L,L,D,L,L,D,L,20
172,01/02/2025,Nacional,Arouca,1,2,A,1,2,A,2.5,2.88,3.2,16,16,26,30,12,7,10,13,19,19,L,W,W,D,W,W,L,D,D,L,20
173,01/02/2025,Santa Clara,Casa Pia,2,1,H,0,1,A,2.1,3.8,3.1,21,25,20,23,11,13,11,10,32,30,D,W,L,W,D,D,W,W,L,W,20
174,01/02/2025,Gil Vicente,Estoril,1,2,A,1,1,D,2.15,3.4,3.25,22,22,28,30,11,13,9,13,22,24,L,W,W,W,D,W,D,D,D,L,20
175,01/02/2025,Guimaraes,AVS,2,0,H,0,0,D,1.36,7.0,5.25,28,15,25,27,10,7,10,20,26,18,L,W,D,L,D,D,D,D,D,D,20
176,02/02/2025,Sp Lisbon,Farense,3,1,H,2,1,H,1.14,17.0,8.0,53,12,14,25,23,5,9,10,47,15,W,L,W,D,D,D,W,D,D,W,20
177,02/02/2025,Estrela,Benfica,2,3,A,1,3,A,9.0,1.29,5.75,16,43,30,14,7,19,16,9,17,41,D,L,L,W,L,L,D,L,W,W,20
178,03/02/2025,Moreirense,Sp Braga,1,2,A,1,0,H,4.2,1.9,3.5,22,34,26,19,9,14,11,3,23,37,L,W,D,W,D,W,D,L,L,W,20
179,03/02/2025,Rio Ave,Porto,2,2,D,1,0,H,7.0,1.42,4.5,20,42,32,15,11,16,17,6,23,41,W,D,L,L,D,L,W,W,L,W,20
180,07/02/2025,Porto,Sp Lisbon,1,1,D,0,1,A,2.8,2.55,3.1,44,56,17,15,16,25,7,10,42,50,D,W,D,W,L,W,L,D,W,W,21
181,08/02/2025,AVS,Santa Clara,1,2,A,0,0,D,4.2,1.95,3.2,15,23,29,21,7,11,20,12,18,35,L,W,W,D,L,L,D,D,D,W,21
182,08/02/2025,Benfica,Moreirense,3,2,H,3,1,H,1.18,13.0,7.0,46,23,16,28,22,10,10,11,44,23,W,L,L,L,W,D,L,D,L,D,21
183,08/02/2025,Famalicao,Guimaraes,0,0,D,0,0,D,3.1,2.4,3.0,22,30,24,25,12,10,10,10,24,29,W,W,D,L,L,D,D,D,L,D,21
184,09/02/2025,Estoril,Boavista,2,1,H,1,0,H,1.55,6.5,3.9,24,13,31,34,14,4,14,17,27,12,W,L,W,L,W,L,W,L,D,L,21
185,09/02/2025,Farense,Nacional,0,2,A,0,0,D,2.3,3.1,3.2,13,17,28,28,6,13,12,12,15,19,L,L,L,L,D,W,D,W,D,L,21
186,09/02/2025,Sp Braga,Gil Vicente,2,0,H,1,0,H,1.55,5.5,4.2,36,23,20,30,14,12,4,10,40,22,W,L,W,L,W,W,W,D,L,D,21
187,09/02/2025,Casa Pia,Estrela,1,0,H,1,0,H,1.8,4.5,3.4,26,18,25,33,14,8,10,19,30,17,L,L,W,D,W,L,D,L,W,D,21
188,10/02/2025,Arouca,Rio Ave,1,1,D,0,0,D,1.91,4.2,3.25,18,22,31,34,9,12,14,17,22,24,W,D,W,W,D,L,W,D,D,W,21
189,14/02/2025,Boavista,Estrela,0,1,A,0,1,A,2.45,3.1,3.0,14,18,36,34,4,8,18,20,12,17,L,L,L,L,L,D,L,L,L,L,22
190,15/02/2025,Moreirense,Casa Pia,3,2,H,3,0,H,2.35,3.3,3.0,25,27,31,25,11,15,14,10,23,33,L,W,L,L,L,W,D,W,D,D,22
191,15/02/2025,Nacional,Estoril,2,2,D,1,1,D,2.25,3.3,3.2,19,26,28,32,13,15,12,14,22,30,W,W,L,W,L,W,W,W,W,W,22
192,15/02/2025,Santa Clara,Benfica,0,1,A,0,0,D,5.0,1.67,3.8,25,49,22,18,11,25,12,11,38,47,W,W,W,W,D,L,L,W,D,L,22
193,15/02/2025,Sp Lisbon,Arouca,2,2,D,1,2,A,1.25,12.0,5.5,57,19,16,32,26,9,10,14,51,23,D,D,W,W,W,W,W,D,D,W,22
194,16/02/2025,Rio Ave,AVS,1,1,D,0,1,A,2.1,3.5,3.3,23,16,35,31,12,7,17,20,25,18,D,L,D,L,W,W,L,L,D,D,22
195,16/02/2025,Farense,Porto,0,1,A,0,0,D,7.0,1.4,4.75,13,45,30,18,6,16,12,8,15,43,L,D,L,D,L,D,D,L,D,L,22
196,16/02/2025,Guimaraes,Sp Braga,0,0,D,0,0,D,2.55,2.75,3.25,30,38,25,20,10,15,10,4,30,43,D,W,W,W,L,W,D,W,D,W,22
197,17/02/2025,Gil Vicente,Famalicao,0,2,A,0,1,A,2.5,3.0,3.0,23,22,32,24,12,12,11,10,22,25,L,D,L,W,L,D,W,L,D,D,22
198,21/02/2025,Sp Braga,Nacional,1,0,H,1,0,H,1.57,6.0,3.8,38,21,20,30,15,14,4,13,44,23,D,D,W,W,W,L,W,L,W,W,23
199,22/02/2025,Casa Pia,Gil Vicente,1,0,H,0,0,D,2.2,3.5,3.1,29,23,28,34,15,12,13,12,33,22,L,L,W,L,L,L,W,L,W,W,23
200,22/02/2025,Benfica,Boavista,3,0,H,1,0,H,1.11,19.0,9.0,50,14,18,37,25,4,11,19,50,12,W,L,W,L,W,L,L,L,W,L,23
201,22/02/2025,Estoril,Rio Ave,2,1,H,0,0,D,2.05,3.6,3.4,28,24,34,36,16,12,15,18,31,26,D,D,W,D,W,D,W,W,W,L,23
202,23/02/2025,Arouca,Farense,2,2,D,0,1,A,1.9,4.2,3.4,21,13,34,31,11,6,15,12,24,15,D,L,D,L,W,L,W,L,D,D,23
203,23/02/2025,Estrela,Santa Clara,0,0,D,0,0,D,3.6,2.1,3.2,19,25,34,23,9,11,20,12,20,38,W,L,L,W,L,W,D,D,L,L,23
204,23/02/2025,AVS,Sp Lisbon,2,2,D,0,2,A,8.0,1.33,5.25,17,59,32,18,8,27,20,12,19,52,D,D,L,D,L,W,W,W,L,W,23
205,23/02/2025,Famalicao,Moreirense,2,0,H,0,0,D,2.2,3.5,3.2,24,28,24,33,13,14,10,14,28,26,W,W,D,L,W,L,D,L,L,D,23
206,24/02/2025,Porto,Guimaraes,1,1,D,0,0,D,1.67,5.25,3.7,46,30,18,25,16,10,8,10,46,31,W,D,D,D,D,W,D,L,L,D,23
207,01/03/2025,Nacional,Famalicao,2,1,H,1,0,H,2.6,2.9,3.0,21,26,31,24,14,13,14,10,23,31,L,W,D,W,W,D,L,W,L,D,24
208,01/03/2025,Arouca,Porto,0,2,A,0,1,A,5.0,1.67,3.75,23,47,36,19,11,16,16,8,25,47,D,D,D,W,D,D,W,D,W,D,24
209,01/03/2025,Guimaraes,Casa Pia,1,0,H,0,0,D,1.75,4.75,3.6,31,30,26,28,10,15,10,13,32,36,D,W,D,L,D,W,W,L,L,W,24
210,02/03/2025,Boavista,Santa Clara,1,0,H,0,0,D,4.33,1.95,3.2,14,25,40,23,4,11,20,12,12,39,L,D,L,L,L,W,L,W,L,D,24
211,02/03/2025,Moreirense,Estrela,1,1,D,0,0,D,1.91,4.75,3.0,28,19,35,34,14,9,14,20,26,21,L,D,W,W,L,L,L,L,L,D,24
212,02/03/2025,Farense,AVS,0,1,A,0,0,D,2.25,3.4,3.1,15,19,33,34,7,8,12,22,16,20,D,D,L,D,L,L,L,L,L,W,24
213,02/03/2025,Rio Ave,Sp Braga,2,1,H,1,1,D,4.2,1.83,3.6,25,39,38,20,12,16,18,4,26,47,L,W,D,D,D,W,D,W,W,W,24
214,03/03/2025,Sp Lisbon,Estoril,3,1,H,2,0,H,1.2,11.0,7.0,61,30,20,35,29,16,12,15,53,34,D,W,D,D,D,W,W,W,W,W,24
215,07/03/2025,Estrela,Gil Vicente,1,1,D,0,0,D,2.62,2.8,3.0,19,23,34,35,9,12,20,12,21,22,D,L,W,L,L,L,L,L,D,L,24
216,08/03/2025,AVS,Arouca,0,1,A,0,0,D,3.1,2.38,3.1,20,23,34,38,8,11,22,17,23,25,W,L,D,D,D,D,L,D,L,W,25
217,08/03/2025,Benfica,Nacional,3,0,H,2,0,H,1.22,11.0,7.0,56,23,18,32,28,15,11,14,56,26,W,W,W,L,W,D,W,W,W,L,25
218,08/03/2025,Estoril,Farense,2,2,D,0,0,D,2.05,3.8,3.2,31,15,38,34,16,7,17,12,34,16,L,L,W,D,D,L,W,L,W,L,25
219,08/03/2025,Sp Braga,Porto,1,0,H,1,0,H,3.3,2.2,3.25,40,49,22,19,17,17,5,8,47,50,L,W,W,D,D,W,W,D,W,D,25
220,09/03/2025,Santa Clara,Moreirense,1,1,D,0,0,D,2.0,4.1,3.1,25,29,24,36,11,14,12,14,39,27,L,D,D,L,L,W,W,L,W,L,25
221,09/03/2025,Casa Pia,Sp Lisbon,1,3,A,1,2,A,6.5,1.53,3.9,30,64,29,21,15,31,13,12,36,56,L,W,W,D,L,D,W,D,L,W,25
222,09/03/2025,Boavista,Guimaraes,1,2,A,1,0,H,5.25,1.65,3.8,15,32,40,26,4,10,20,10,15,35,W,W,L,D,L,D,L,D,L,W,25
223,10/03/2025,Famalicao,Rio Ave,1,0,H,1,0,H,1.95,4.1,3.3,27,27,26,39,13,13,11,19,31,29,L,W,W,L,W,D,D,D,W,D,25
224,15/03/2025,Farense,Sp Braga,0,1,A,0,0,D,4.33,1.85,3.4,15,40,34,22,7,17,12,5,16,47,L,L,D,W,L,D,L,W,L,W,25
225,15/03/2025,Gil Vicente,Santa Clara,0,1,A,0,1,A,3.0,2.55,3.0,24,26,37,25,12,11,13,12,23,40,L,D,D,L,L,D,L,L,L,W,26
226,15/03/2025,Porto,AVS,2,0,H,1,0,H,1.25,11.0,5.75,49,20,20,35,17,8,9,22,50,23,L,L,W,W,D,D,W,D,D,L,26
227,15/03/2025,Sp Lisbon,Famalicao,3,1,H,1,1,D,1.3,9.0,5.5,67,28,22,26,33,14,13,11,59,34,W,W,W,L,D,W,D,W,D,D,26
228,16/03/2025,Arouca,Estoril,1,1,D,1,0,H,1.95,3.9,3.4,24,33,38,40,11,16,17,17,28,35,W,D,L,L,D,W,D,D,D,W,26
229,16/03/2025,Nacional,Casa Pia,3,1,H,1,0,H,2.4,2.9,3.3,23,31,35,32,15,16,16,15,26,36,L,L,W,L,L,W,D,L,W,W,26
230,16/03/2025,Rio Ave,Benfica,2,3,A,0,1,A,6.5,1.38,5.25,27,59,40,20,13,29,20,11,29,59,L,W,W,W,L,W,D,W,D,W,26
231,16/03/2025,Guimaraes,Estrela,2,0,H,1,0,H,1.45,7.5,4.1,34,21,27,36,10,9,11,20,38,23,W,D,W,D,D,D,D,W,D,L,26
232,16/03/2025,Moreirense,Boavista,1,0,H,1,0,H,1.75,5.25,3.3,30,16,37,42,14,5,14,20,28,15,D,L,D,W,L,L,W,L,L,L,26
233,28/03/2025,Gil Vicente,Benfica,0,3,A,0,1,A,7.0,1.4,4.75,24,59,37,20,12,29,13,11,23,59,L,W,D,W,L,W,L,W,L,W,26
234,29/03/2025,Casa Pia,Rio Ave,2,1,H,1,1,D,2.0,3.75,3.3,32,29,35,43,16,13,16,21,36,29,L,L,L,L,L,W,W,L,L,D,27
235,29/03/2025,Estrela,Sp Lisbon,0,3,A,0,0,D,9.0,1.33,5.0,21,70,38,23,9,34,21,14,23,62,L,W,D,W,D,W,D,D,W,D,27
236,29/03/2025,Sp Braga,Arouca,2,1,H,2,0,H,1.7,4.75,3.75,42,25,22,39,18,12,5,17,53,29,W,D,W,W,L,L,W,D,D,D,27
237,30/03/2025,Famalicao,AVS,4,1,H,0,0,D,1.75,4.75,3.4,29,20,29,37,15,8,12,23,34,23,L,L,W,L,L,W,W,D,W,D,27
238,30/03/2025,Santa Clara,Nacional,1,0,H,1,0,H,1.9,4.33,3.2,27,26,25,36,12,16,12,16,43,29,W,W,D,L,L,W,D,L,L,D,27
239,30/03/2025,Estoril,Porto,1,2,A,1,1,D,6.25,1.53,4.1,34,51,41,20,16,18,18,9,36,53,D,W,D,L,L,W,W,D,D,W,27
240,30/03/2025,Moreirense,Guimaraes,2,2,D,1,1,D,3.6,2.15,3.1,31,36,37,27,15,11,14,11,31,41,W,W,D,W,D,W,L,D,W,D,27
241,01/04/2025,Boavista,Gil Vicente,1,3,A,0,0,D,3.75,2.1,3.3,16,24,43,40,5,12,21,14,15,23,L,L,L,L,W,D,L,L,L,L,27
242,02/04/2025,Benfica,Farense,3,2,H,2,1,H,1.13,19.0,8.5,62,17,20,37,30,7,11,12,62,17,W,L,W,D,W,L,W,D,W,L,27
243,04/04/2025,AVS,Estoril,0,3,A,0,2,A,3.0,2.45,3.1,21,35,41,43,8,17,23,19,23,36,L,L,L,D,L,D,W,L,D,W,28
244,05/04/2025,Arouca,Famalicao,1,2,A,0,1,A,2.5,2.9,3.2,26,33,41,30,12,15,19,12,29,37,L,W,D,L,W,W,L,L,D,W,28
245,05/04/2025,Guimaraes,Santa Clara,2,0,H,1,0,H,1.95,4.33,3.1,38,28,29,25,12,13,12,12,42,46,D,W,W,W,W,D,W,L,D,D,28
246,06/04/2025,Gil Vicente,Moreirense,0,1,A,0,0,D,2.5,2.9,3.1,27,33,41,39,12,16,14,15,26,32,W,D,L,W,L,D,D,D,L,L,28
247,06/04/2025,Nacional,Estrela,0,1,A,0,0,D,2.05,3.7,3.2,26,21,37,41,16,9,17,21,29,23,L,L,W,L,L,D,W,D,L,D,28
248,06/04/2025,Porto,Benfica,1,4,A,0,2,A,2.88,2.5,3.2,53,65,21,22,19,32,10,12,56,65,W,W,W,W,L,W,W,W,D,W,28
249,07/04/2025,Farense,Casa Pia,0,0,D,0,0,D,2.63,2.88,3.1,19,34,40,36,8,17,14,17,17,39,L,W,L,L,D,L,L,L,D,W,28
250,07/04/2025,Rio Ave,Boavista,0,2,A,0,1,A,1.85,4.5,3.4,30,17,45,46,14,5,22,21,29,15,L,L,L,L,L,L,W,W,L,L,28
251,07/04/2025,Sp Lisbon,Sp Braga,1,1,D,1,0,H,1.53,6.25,4.0,73,44,23,23,34,20,14,5,65,56,W,W,W,W,W,W,W,L,D,W,28
252,11/04/2025,Gil Vicente,Guimaraes,0,1,A,0,0,D,4.2,1.95,3.2,27,40,42,29,12,13,14,12,26,45,L,W,W,D,L,W,L,W,D,W,29
253,12/04/2025,Boavista,Nacional,0,1,A,0,1,A,2.75,2.63,3.1,19,26,46,38,6,16,21,17,18,29,W,L,L,L,L,W,L,L,W,W,29
254,12/04/2025,Famalicao,Estoril,3,0,H,0,0,D,2.0,3.75,3.3,35,38,31,43,16,19,12,19,40,39,W,W,W,L,L,D,W,D,L,L,29
255,12/04/2025,Santa Clara,Sp Lisbon,0,1,A,0,0,D,6.25,1.6,3.6,28,74,27,24,13,35,13,14,46,66,L,D,W,W,W,W,D,W,L,W,29
256,12/04/2025,Casa Pia,Porto,0,1,A,0,1,A,5.5,1.67,3.6,34,54,36,25,17,19,17,12,40,56,D,L,W,W,L,W,L,L,L,W,29
257,13/04/2025,Estrela,Farense,0,1,A,0,0,D,2.7,2.75,3.0,22,19,41,40,9,8,21,14,26,18,W,D,L,L,L,L,D,D,D,L,29
258,13/04/2025,Benfica,Arouca,2,2,D,0,0,D,1.17,17.0,7.0,69,27,23,43,34,12,12,20,68,29,W,L,W,L,W,D,W,W,W,L,29
259,13/04/2025,Sp Braga,AVS,4,1,H,3,1,H,1.38,8.5,4.5,45,21,24,44,20,8,6,25,57,23,D,L,W,L,W,L,W,L,L,W,29
260,13/04/2025,Moreirense,Rio Ave,0,2,A,0,0,D,1.95,4.1,3.25,34,30,39,47,16,14,15,23,35,29,W,L,D,L,W,L,D,L,D,W,29
261,18/04/2025,Farense,Boavista,0,1,A,0,0,D,1.8,4.75,3.4,20,19,40,47,8,6,14,22,21,18,W,L,D,W,L,L,L,L,D,L,30
262,18/04/2025,Rio Ave,Santa Clara,1,1,D,1,0,H,2.88,2.7,2.9,32,28,47,28,14,13,23,13,32,46,W,L,L,L,L,W,L,W,L,D,30
263,18/04/2025,Porto,Famalicao,2,1,H,1,0,H,1.48,6.0,4.75,55,38,25,31,20,16,12,12,59,43,W,W,L,W,W,W,W,L,L,W,30
264,18/04/2025,Sp Lisbon,Moreirense,3,1,H,2,0,H,1.22,13.0,6.0,75,34,24,41,35,16,14,15,69,35,W,L,D,W,W,D,W,W,W,D,30
265,19/04/2025,AVS,Casa Pia,1,1,D,1,0,H,3.0,2.4,3.2,22,34,48,37,9,17,28,18,23,40,L,L,L,D,L,W,L,L,L,L,30
266,19/04/2025,Nacional,Gil Vicente,0,3,A,0,1,A,2.3,3.2,3.1,27,27,38,43,17,12,17,14,32,26,W,L,L,L,L,W,W,L,L,L,30
267,19/04/2025,Arouca,Estrela,1,0,H,0,0,D,1.9,4.2,3.3,29,22,45,42,12,9,20,21,30,26,D,L,L,W,L,L,D,L,W,D,30
268,19/04/2025,Estoril,Sp Braga,0,2,A,0,2,A,3.8,1.95,3.4,38,49,46,25,19,23,19,7,39,60,L,W,W,D,L,W,D,W,D,W,30
269,19/04/2025,Guimaraes,Benfica,0,3,A,0,1,A,5.25,1.6,4.0,41,71,29,25,13,34,12,12,48,69,W,D,W,W,D,W,W,W,W,W,30
270,25/04/2025,Famalicao,Sp Braga,1,1,D,1,0,H,3.25,2.2,3.3,39,51,33,25,16,25,13,7,43,63,L,W,W,W,W,D,W,W,L,W,31
271,26/04/2025,Santa Clara,Arouca,2,0,H,2,0,H,1.9,4.5,3.1,29,30,29,45,13,12,14,20,47,33,D,W,L,D,L,L,W,L,W,D,31
272,26/04/2025,Gil Vicente,Farense,1,0,H,0,0,D,2.3,3.3,3.1,30,20,43,41,13,8,14,14,29,21,W,L,L,W,L,D,W,L,L,L,31
273,26/04/2025,Estrela,Porto,2,0,H,1,0,H,6.25,1.53,3.9,22,57,43,26,9,21,21,12,26,62,L,W,L,W,W,L,L,W,L,W,31
274,27/04/2025,Moreirense,Nacional,1,1,D,0,0,D,2.2,3.6,3.1,35,27,44,41,16,17,17,18,35,32,L,L,L,W,W,L,D,L,W,W,31
275,27/04/2025,Benfica,AVS,6,0,H,4,0,H,1.08,21.0,11.0,74,23,25,49,35,10,12,28,72,24,W,D,D,L,W,L,W,L,W,L,31
276,27/04/2025,Guimaraes,Rio Ave,3,0,H,3,0,H,1.53,6.25,4.1,41,33,32,48,13,15,13,23,48,33,L,D,W,W,W,L,D,L,W,L,31
277,27/04/2025,Boavista,Sp Lisbon,0,5,A,0,2,A,12.0,1.22,6.25,20,78,47,25,6,37,22,14,21,72,W,W,L,W,W,D,L,W,L,W,31
278,29/04/2025,Casa Pia,Estoril,1,3,A,1,1,D,2.05,3.9,3.2,35,38,38,48,17,19,19,21,41,39,D,L,L,L,D,W,W,L,L,D,31
279,02/05/2025,Porto,Moreirense,3,1,H,1,1,D,1.33,8.0,5.25,57,36,28,45,21,16,13,17,62,36,L,D,W,L,W,L,L,W,W,D,32
280,03/05/2025,Farense,Famalicao,2,1,H,1,1,D,2.6,2.8,3.1,20,40,42,34,8,17,14,13,21,44,L,D,L,L,W,W,D,W,L,W,32
281,03/05/2025,Nacional,Guimaraes,1,2,A,0,1,A,4.2,1.85,3.5,28,44,42,32,17,16,18,13,33,51,D,W,L,L,W,W,L,W,L,D,32
282,03/05/2025,Sp Braga,Santa Clara,1,1,D,0,1,A,1.73,5.25,3.4,52,31,26,29,25,15,8,14,64,50,D,W,W,D,W,L,D,L,W,W,32
283,03/05/2025,Estoril,Benfica,1,2,A,0,2,A,11.0,1.18,8.0,41,80,49,25,20,39,22,12,42,75,W,W,L,W,L,D,W,W,L,W,32
284,04/05/2025,Arouca,Casa Pia,0,0,D,0,0,D,2.05,3.6,3.3,30,36,47,41,12,18,22,20,33,41,L,L,W,D,D,L,L,D,L,W,32
285,04/05/2025,Sp Lisbon,Gil Vicente,2,1,H,0,1,A,1.13,21.0,7.5,83,31,25,43,39,13,14,14,75,32,W,W,W,W,W,L,D,L,W,W,32
286,05/05/2025,Rio Ave,Estrela,2,0,H,0,0,D,2.35,3.0,3.3,33,24,51,43,15,10,26,21,33,29,L,W,D,L,W,L,L,W,L,L,32
287,05/05/2025,AVS,Boavista,1,2,A,0,0,D,2.1,3.7,3.2,23,20,55,52,10,6,32,24,24,21,L,L,D,W,L,L,L,W,L,L,32
288,10/05/2025,Nacional,Rio Ave,3,3,D,0,3,A,1.95,3.75,3.5,29,35,44,51,17,15,19,26,33,36,L,W,D,L,L,D,W,W,L,L,33
289,10/05/2025,Santa Clara,Famalicao,2,1,H,1,0,H,2.15,3.6,3.1,32,41,30,36,16,18,14,14,51,44,D,L,W,D,D,L,L,W,L,W,33
290,10/05/2025,Benfica,Sp Lisbon,1,1,D,0,1,A,2.1,3.3,3.5,82,85,26,26,41,39,12,15,78,78,W,W,W,W,W,W,D,W,W,D,33
291,10/05/2025,Casa Pia,Sp Braga,2,1,H,1,1,D,5.75,1.57,3.8,36,53,41,27,18,25,20,9,42,65,D,D,L,D,D,W,L,W,D,D,33
292,10/05/2025,Gil Vicente,Arouca,1,1,D,0,0,D,2.35,3.0,3.25,32,30,45,47,14,12,14,22,32,34,L,D,W,L,W,W,L,D,L,L,33
293,11/05/2025,Estrela,AVS,0,1,A,0,0,D,1.9,3.8,3.6,24,24,45,57,10,10,21,32,29,24,L,L,W,L,L,D,L,L,W,L,33
294,11/05/2025,Guimaraes,Farense,1,2,A,0,1,A,1.57,5.75,4.1,46,22,33,43,17,9,13,15,54,24,W,W,W,L,L,L,W,W,W,D,33
295,11/05/2025,Moreirense,Estoril,2,2,D,1,0,H,2.35,2.9,3.4,37,42,48,51,17,20,18,24,36,42,L,L,D,W,L,L,L,L,W,W,33
296,11/05/2025,Boavista,Porto,1,2,A,1,2,A,7.5,1.4,4.5,22,60,53,29,6,22,24,14,24,65,W,W,L,L,W,W,L,W,W,L,33
297,16/05/2025,Famalicao,Casa Pia,2,1,H,1,0,H,1.9,3.9,3.5,42,38,38,42,18,19,15,21,44,45,L,W,L,D,D,L,L,D,W,L,34
298,16/05/2025,Rio Ave,Gil Vicente,1,1,D,1,1,D,2.55,2.45,3.2,38,33,54,46,18,14,26,14,37,33,D,D,W,L,L,W,D,W,W,L,34
299,17/05/2025,Arouca,Boavista,4,1,H,3,1,H,2.05,3.5,3.5,31,23,48,55,12,7,22,26,35,24,D,L,D,W,L,L,W,W,D,L,34
300,17/05/2025,AVS,Moreirense,0,3,A,0,2,A,2.0,3.8,3.3,25,39,57,50,10,18,32,18,27,37,W,D,L,L,L,D,D,L,L,L,34
301,17/05/2025,Estoril,Estrela,4,0,H,4,0,H,2.5,2.75,3.3,44,24,53,46,20,10,25,21,43,29,D,L,L,L,W,W,L,L,L,L,34
302,17/05/2025,Farense,Santa Clara,1,2,A,1,1,D,2.75,2.75,3.0,24,34,44,31,10,17,15,14,27,54,W,W,W,D,L,W,L,D,W,L,34
303,17/05/2025,Porto,Nacional,3,0,H,1,0,H,1.3,9.5,5.25,62,32,30,47,24,17,15,22,68,34,W,D,W,L,L,D,W,L,W,W,34
304,17/05/2025,Sp Braga,Benfica,1,1,D,1,0,H,5.0,1.62,4.1,54,83,29,27,26,41,10,13,65,79,L,D,D,W,D,W,W,W,W,D,34
305,17/05/2025,Sp Lisbon,Guimaraes,2,0,H,0,0,D,1.25,12.0,5.5,86,47,27,35,40,17,15,14,79,54,D,L,W,W,W,W,W,L,W,W,34
